date,system,stake,profit,equity,peak,dd
2025-01-04 14:00:00,O15,3.0,1.0499999999999998,1.0499999999999998,1.0499999999999998,0.0
2025-01-04 15:00:00,O15,3.0,1.0499999999999998,2.0999999999999996,2.0999999999999996,0.0
2025-01-11 17:45:00,O15,3.0,1.0499999999999998,3.1499999999999995,3.1499999999999995,0.0
2025-01-11 18:30:00,O15,3.0,1.0499999999999998,4.199999999999999,4.199999999999999,0.0
2025-01-11 20:00:00,O15,3.0,1.0499999999999998,5.249999999999999,5.249999999999999,0.0
2025-01-17 18:00:00,O15,3.0,1.0499999999999998,6.299999999999999,6.299999999999999,0.0
2025-01-18 01:00:00,O15,3.0,1.0499999999999998,7.349999999999999,7.349999999999999,0.0
2025-01-18 14:00:00,O15,3.0,1.0499999999999998,8.399999999999999,8.399999999999999,0.0
2025-01-18 17:45:00,O15,3.0,-3.0,5.399999999999999,8.399999999999999,-3.0
2025-01-18 19:00:00,O15,3.0,1.0499999999999998,6.449999999999998,8.399999999999999,-1.9500000000000002
2025-01-19 01:00:00,O15,3.0,1.0499999999999998,7.499999999999998,8.399999999999999,-0.9000000000000004
2025-01-19 11:15:00,O15,3.0,1.0499999999999998,8.549999999999997,8.549999999999997,0.0
2025-01-19 15:45:00,O15,3.0,1.0499999999999998,9.599999999999998,9.599999999999998,0.0
2025-01-19 19:45:00,O15,3.0,1.0499999999999998,10.649999999999999,10.649999999999999,0.0
2025-01-25 15:00:00,O15,3.0,1.0499999999999998,11.7,11.7,0.0
2025-01-26 03:10:00,O15,3.0,1.0499999999999998,12.75,12.75,0.0
2025-01-26 14:00:00,O15,3.0,1.0499999999999998,13.8,13.8,0.0
2025-01-30 01:00:00,O15,3.0,-3.0,10.8,13.8,-3.0
2025-01-30 03:05:00,O15,3.0,1.0499999999999998,11.850000000000001,13.8,-1.9499999999999993
2025-01-31 19:45:00,O15,3.0,1.0499999999999998,12.900000000000002,13.8,-0.8999999999999986
2025-02-01 14:00:00,O15,3.5,1.2249999999999999,14.125000000000002,14.125000000000002,0.0
2025-02-01 15:00:00,O15,3.0,1.0499999999999998,15.175,15.175,0.0
2025-02-01 20:00:00,O15,3.0,1.0499999999999998,16.225,16.225,0.0
2025-02-02 01:05:00,O15,3.0,-3.0,13.225000000000001,16.225,-3.0
2025-02-02 11:30:00,O15,3.0,1.0499999999999998,14.275000000000002,16.225,-1.9499999999999993
2025-02-02 13:30:00,O15,3.0,1.0499999999999998,15.325000000000003,16.225,-0.8999999999999986
2025-02-02 19:00:00,O15,3.0,1.0499999999999998,16.375000000000004,16.375000000000004,0.0
2025-02-06 03:10:00,O15,3.0,1.0499999999999998,17.425000000000004,17.425000000000004,0.0
2025-02-08 12:30:00,O15,3.0,1.0499999999999998,18.475000000000005,18.475000000000005,0.0
2025-02-08 12:30:00,O15,3.0,1.0499999999999998,19.525000000000006,19.525000000000006,0.0
2025-02-08 14:00:00,O15,3.0,1.0499999999999998,20.575000000000006,20.575000000000006,0.0
2025-02-08 15:30:00,O15,3.0,1.0499999999999998,21.625000000000007,21.625000000000007,0.0
2025-02-09 03:00:00,O15,3.0,1.0499999999999998,22.675000000000008,22.675000000000008,0.0
2025-02-09 03:05:00,O15,3.0,1.0499999999999998,23.72500000000001,23.72500000000001,0.0
2025-02-09 14:00:00,O15,3.0,1.0499999999999998,24.77500000000001,24.77500000000001,0.0
2025-02-09 14:00:00,O15,3.0,1.0499999999999998,25.82500000000001,25.82500000000001,0.0
2025-02-09 15:00:00,O15,3.0,1.0499999999999998,26.87500000000001,26.87500000000001,0.0
2025-02-09 18:00:00,O15,3.0,1.0499999999999998,27.92500000000001,27.92500000000001,0.0
2025-02-15 15:30:00,O15,3.0,1.0499999999999998,28.975000000000012,28.975000000000012,0.0
2025-02-15 17:45:00,O15,3.0,-3.0,25.975000000000012,28.975000000000012,-3.0
2025-02-16 13:30:00,O15,3.0,1.0499999999999998,27.025000000000013,28.975000000000012,-1.9499999999999993
2025-02-16 14:00:00,O15,3.0,1.0499999999999998,28.075000000000014,28.975000000000012,-0.8999999999999986
2025-02-16 23:00:00,O15,3.0,1.0499999999999998,29.125000000000014,29.125000000000014,0.0
2025-02-17 01:00:00,O15,3.0,1.0499999999999998,30.175000000000015,30.175000000000015,0.0
2025-02-17 15:00:00,O15,3.5,1.2249999999999999,31.400000000000016,31.400000000000016,0.0
2025-02-19 03:10:00,O15,3.0,1.0499999999999998,32.45000000000002,32.45000000000002,0.0
2025-02-22 15:00:00,O15,3.0,1.0499999999999998,33.500000000000014,33.500000000000014,0.0
2025-02-22 15:30:00,O15,3.0,1.0499999999999998,34.55000000000001,34.55000000000001,0.0
2025-02-22 19:00:00,O15,3.0,-3.0,31.55000000000001,34.55000000000001,-3.0
2025-02-22 23:00:00,O15,3.0,1.0499999999999998,32.60000000000001,34.55000000000001,-1.9500000000000028
2025-02-23 13:30:00,O15,3.0,1.0499999999999998,33.650000000000006,34.55000000000001,-0.9000000000000057
2025-02-23 15:45:00,O15,3.0,-3.0,30.650000000000006,34.55000000000001,-3.9000000000000057
2025-02-23 17:00:00,O15,3.0,-3.0,27.650000000000006,34.55000000000001,-6.900000000000006
2025-02-24 18:00:00,O15,3.0,1.0499999999999998,28.700000000000006,34.55000000000001,-5.850000000000005
2025-02-26 03:00:00,O15,3.0,1.0499999999999998,29.750000000000007,34.55000000000001,-4.800000000000004
2025-02-26 18:30:00,O15,3.0,1.0499999999999998,30.800000000000008,34.55000000000001,-3.7500000000000036
2025-02-28 17:00:00,O15,3.0,1.0499999999999998,31.85000000000001,34.55000000000001,-2.700000000000003
2025-02-28 19:00:00,O15,3.0,1.0499999999999998,32.900000000000006,34.55000000000001,-1.6500000000000057
2025-03-01 13:30:00,O15,3.0,1.0499999999999998,33.95,34.55000000000001,-0.6000000000000085
2025-03-01 15:00:00,O15,3.0,1.0499999999999998,35.0,35.0,0.0
2025-03-01 15:30:00,O15,3.0,-3.0,32.0,35.0,-3.0
2025-03-01 17:45:00,O15,3.0,1.0499999999999998,33.05,35.0,-1.9500000000000028
2025-03-01 23:00:00,O15,3.0,1.0499999999999998,34.099999999999994,35.0,-0.9000000000000057
2025-03-02 13:00:00,O15,3.0,1.0499999999999998,35.14999999999999,35.14999999999999,0.0
2025-03-02 13:00:00,O15,3.0,1.0499999999999998,36.19999999999999,36.19999999999999,0.0
2025-03-02 15:00:00,O15,3.0,1.0499999999999998,37.249999999999986,37.249999999999986,0.0
2025-03-02 16:15:00,O15,3.0,1.0499999999999998,38.29999999999998,38.29999999999998,0.0
2025-03-07 18:00:00,O15,3.0,1.0499999999999998,39.34999999999998,39.34999999999998,0.0
2025-03-08 19:00:00,O15,3.0,1.0499999999999998,40.39999999999998,40.39999999999998,0.0
2025-03-09 01:05:00,O15,3.0,1.0499999999999998,41.449999999999974,41.449999999999974,0.0
2025-03-09 11:15:00,O15,3.0,1.0499999999999998,42.49999999999997,42.49999999999997,0.0
2025-03-09 12:30:00,O15,3.0,1.0499999999999998,43.54999999999997,43.54999999999997,0.0
2025-03-09 13:00:00,O15,3.0,1.0499999999999998,44.599999999999966,44.599999999999966,0.0
2025-03-09 13:30:00,O15,3.0,1.0499999999999998,45.64999999999996,45.64999999999996,0.0
2025-03-09 14:00:00,O15,3.0,1.0499999999999998,46.69999999999996,46.69999999999996,0.0
2025-03-09 17:00:00,O15,3.0,1.0499999999999998,47.74999999999996,47.74999999999996,0.0
2025-03-10 18:00:00,O15,3.0,1.0499999999999998,48.799999999999955,48.799999999999955,0.0
2025-03-14 17:00:00,O15,3.0,1.0499999999999998,49.84999999999995,49.84999999999995,0.0
2025-03-14 19:30:00,O15,3.0,1.0499999999999998,50.89999999999995,50.89999999999995,0.0
2025-03-15 15:00:00,O15,3.0,1.0499999999999998,51.949999999999946,51.949999999999946,0.0
2025-03-15 19:00:00,O15,3.0,1.0499999999999998,52.99999999999994,52.99999999999994,0.0
2025-03-15 23:00:00,O15,3.0,1.0499999999999998,54.04999999999994,54.04999999999994,0.0
2025-03-16 14:00:00,O15,3.0,1.0499999999999998,55.09999999999994,55.09999999999994,0.0
2025-03-29 12:45:00,O15,3.0,1.0499999999999998,56.149999999999935,56.149999999999935,0.0
2025-03-29 20:00:00,O15,3.0,1.0499999999999998,57.19999999999993,57.19999999999993,0.0
2025-03-29 20:00:00,O15,3.0,1.0499999999999998,58.24999999999993,58.24999999999993,0.0
2025-03-29 23:00:00,O15,8.0,2.8,61.049999999999926,61.049999999999926,0.0
2025-03-30 03:15:00,O15,3.0,1.0499999999999998,62.09999999999992,62.09999999999992,0.0
2025-03-30 12:30:00,O15,3.0,1.0499999999999998,63.14999999999992,63.14999999999992,0.0
2025-03-30 14:45:00,O15,3.0,1.0499999999999998,64.19999999999992,64.19999999999992,0.0
2025-03-30 16:00:00,O15,3.0,1.0499999999999998,65.24999999999991,65.24999999999991,0.0
2025-03-30 18:45:00,O15,3.0,1.0499999999999998,66.29999999999991,66.29999999999991,0.0
2025-03-31 01:05:00,O15,3.0,1.0499999999999998,67.34999999999991,67.34999999999991,0.0
2025-03-31 17:00:00,O15,3.0,-3.0,64.34999999999991,67.34999999999991,-3.0
2025-03-31 18:45:00,O15,3.0,1.0499999999999998,65.3999999999999,67.34999999999991,-1.9500000000000028
2025-04-02 16:15:00,O15,3.0,-3.0,62.399999999999906,67.34999999999991,-4.950000000000003
2025-04-04 16:00:00,O15,3.0,1.0499999999999998,63.4499999999999,67.34999999999991,-3.9000000000000057
2025-04-04 16:00:00,O15,3.0,-3.0,60.4499999999999,67.34999999999991,-6.900000000000006
2025-04-05 03:00:00,O15,3.0,1.0499999999999998,61.4999999999999,67.34999999999991,-5.8500000000000085
2025-04-05 13:00:00,O15,3.0,1.0499999999999998,62.5499999999999,67.34999999999991,-4.800000000000011
2025-04-05 14:00:00,O15,3.0,1.0499999999999998,63.599999999999895,67.34999999999991,-3.750000000000014
2025-04-06 03:10:00,O15,3.0,1.0499999999999998,64.64999999999989,67.34999999999991,-2.700000000000017
2025-04-06 12:00:00,O15,3.0,1.0499999999999998,65.69999999999989,67.34999999999991,-1.65000000000002
2025-04-06 12:30:00,O15,3.0,1.0499999999999998,66.74999999999989,67.34999999999991,-0.6000000000000227
2025-04-06 15:15:00,O15,3.0,1.0499999999999998,67.79999999999988,67.79999999999988,0.0
2025-04-07 00:00:00,O15,3.0,1.0499999999999998,68.84999999999988,68.84999999999988,0.0
2025-04-07 17:00:00,O15,3.0,1.0499999999999998,69.89999999999988,69.89999999999988,0.0
2025-04-07 17:00:00,O15,3.0,1.0499999999999998,70.94999999999987,70.94999999999987,0.0
2025-04-07 18:45:00,O15,3.0,1.0499999999999998,71.99999999999987,71.99999999999987,0.0
2025-04-11 16:00:00,O15,3.0,1.0499999999999998,73.04999999999987,73.04999999999987,0.0
2025-04-11 16:00:00,O15,3.0,1.0499999999999998,74.09999999999987,74.09999999999987,0.0
2025-04-11 18:00:00,O15,3.0,1.0499999999999998,75.14999999999986,75.14999999999986,0.0
2025-04-11 18:45:00,O15,3.0,1.0499999999999998,76.19999999999986,76.19999999999986,0.0
2025-04-12 01:00:00,O15,8.0,2.8,78.99999999999986,78.99999999999986,0.0
2025-04-12 13:00:00,O15,3.0,1.0499999999999998,80.04999999999986,80.04999999999986,0.0
2025-04-12 17:30:00,O15,3.0,1.0499999999999998,81.09999999999985,81.09999999999985,0.0
2025-04-12 23:00:00,O15,3.0,-3.0,78.09999999999985,81.09999999999985,-3.0
2025-04-13 01:00:00,O15,3.0,1.0499999999999998,79.14999999999985,81.09999999999985,-1.9500000000000028
2025-04-13 01:05:00,O15,3.0,1.0499999999999998,80.19999999999985,81.09999999999985,-0.9000000000000057
2025-04-13 12:00:00,O15,3.0,1.0499999999999998,81.24999999999984,81.24999999999984,0.0
2025-04-13 12:00:00,O15,3.0,1.0499999999999998,82.29999999999984,82.29999999999984,0.0
2025-04-13 12:30:00,O15,3.0,-3.0,79.29999999999984,82.29999999999984,-3.0
2025-04-13 12:30:00,O15,3.0,1.0499999999999998,80.34999999999984,82.29999999999984,-1.9500000000000028
2025-04-13 12:30:00,O15,3.0,1.0499999999999998,81.39999999999984,82.29999999999984,-0.9000000000000057
2025-04-13 14:30:00,O15,3.0,1.0499999999999998,82.44999999999983,82.44999999999983,0.0
2025-04-16 03:00:00,O15,3.0,1.0499999999999998,83.49999999999983,83.49999999999983,0.0
2025-04-16 03:05:00,O15,3.0,1.0499999999999998,84.54999999999983,84.54999999999983,0.0
2025-04-17 02:00:00,O15,3.0,-3.0,81.54999999999983,84.54999999999983,-3.0
2025-04-17 12:00:00,O15,3.0,1.0499999999999998,82.59999999999982,84.54999999999983,-1.9500000000000028
2025-04-17 14:00:00,O15,3.0,1.0499999999999998,83.64999999999982,84.54999999999983,-0.9000000000000057
2025-04-18 16:00:00,O15,8.0,2.8,86.44999999999982,86.44999999999982,0.0
2025-04-18 18:30:00,O15,8.0,2.8,89.24999999999982,89.24999999999982,0.0
2025-04-20 03:00:00,O15,3.0,1.0499999999999998,90.29999999999981,90.29999999999981,0.0
2025-04-20 23:00:00,O15,3.0,1.0499999999999998,91.34999999999981,91.34999999999981,0.0
2025-04-21 01:00:00,O15,3.0,1.0499999999999998,92.3999999999998,92.3999999999998,0.0
2025-04-21 01:05:00,O15,3.0,1.0499999999999998,93.4499999999998,93.4499999999998,0.0
2025-04-21 12:00:00,O15,3.0,1.0499999999999998,94.4999999999998,94.4999999999998,0.0
2025-04-21 14:00:00,O15,3.0,1.0499999999999998,95.5499999999998,95.5499999999998,0.0
2025-04-21 15:00:00,O15,3.0,1.0499999999999998,96.5999999999998,96.5999999999998,0.0
2025-04-21 15:00:00,O15,3.0,1.0499999999999998,97.64999999999979,97.64999999999979,0.0
2025-04-21 16:00:00,O15,3.0,1.0499999999999998,98.69999999999979,98.69999999999979,0.0
2025-04-23 16:30:00,O15,3.0,1.0499999999999998,99.74999999999979,99.74999999999979,0.0
2025-04-24 19:00:00,O15,3.0,1.0499999999999998,100.79999999999978,100.79999999999978,0.0
2025-04-25 13:00:00,O15,3.0,-3.0,97.79999999999978,100.79999999999978,-3.0
2025-04-25 16:00:00,O15,3.0,1.0499999999999998,98.84999999999978,100.79999999999978,-1.9500000000000028
2025-04-25 16:00:00,O15,3.0,1.0499999999999998,99.89999999999978,100.79999999999978,-0.9000000000000057
2025-04-25 16:00:00,O15,8.0,2.8,102.69999999999978,102.69999999999978,0.0
2025-04-25 16:45:00,O15,3.0,1.0499999999999998,103.74999999999977,103.74999999999977,0.0
2025-04-25 17:00:00,O15,3.0,-3.0,100.74999999999977,103.74999999999977,-3.0
2025-04-25 19:00:00,O15,3.0,1.0499999999999998,101.79999999999977,103.74999999999977,-1.9500000000000028
2025-04-26 17:00:00,O15,3.0,1.0499999999999998,102.84999999999977,103.74999999999977,-0.9000000000000057
2025-04-27 14:00:00,O15,3.0,1.0499999999999998,103.89999999999976,103.89999999999976,0.0
2025-04-27 17:00:00,O15,3.0,1.0499999999999998,104.94999999999976,104.94999999999976,0.0
2025-04-27 18:45:00,O15,3.0,1.0499999999999998,105.99999999999976,105.99999999999976,0.0
2025-04-28 00:00:00,O15,3.0,1.0499999999999998,107.04999999999976,107.04999999999976,0.0
2025-04-28 01:30:00,O15,8.0,2.8,109.84999999999975,109.84999999999975,0.0
2025-05-01 13:00:00,O15,3.0,1.0499999999999998,110.89999999999975,110.89999999999975,0.0
2025-05-03 18:00:00,O15,3.0,1.0499999999999998,111.94999999999975,111.94999999999975,0.0
2025-05-04 08:30:00,O15,3.0,1.0499999999999998,112.99999999999974,112.99999999999974,0.0
2025-05-04 12:30:00,O15,3.0,1.0499999999999998,114.04999999999974,114.04999999999974,0.0
2025-05-04 12:30:00,O15,3.0,1.0499999999999998,115.09999999999974,115.09999999999974,0.0
2025-05-04 13:00:00,O15,8.0,2.8,117.89999999999974,117.89999999999974,0.0
2025-05-04 14:00:00,O15,3.0,1.0499999999999998,118.94999999999973,118.94999999999973,0.0
2025-05-04 16:00:00,O15,3.0,-3.0,115.94999999999973,118.94999999999973,-3.0
2025-05-04 16:00:00,O15,3.0,1.0499999999999998,116.99999999999973,118.94999999999973,-1.9500000000000028
2025-05-04 17:30:00,O15,3.0,1.0499999999999998,118.04999999999973,118.94999999999973,-0.9000000000000057
2025-05-05 01:30:00,O15,3.0,1.0499999999999998,119.09999999999972,119.09999999999972,0.0
2025-05-05 17:30:00,O15,3.0,1.0499999999999998,120.14999999999972,120.14999999999972,0.0
2025-05-07 14:00:00,O15,3.0,-3.0,117.14999999999972,120.14999999999972,-3.0
2025-05-09 16:00:00,O15,8.0,2.8,119.94999999999972,120.14999999999972,-0.20000000000000284
2025-05-09 18:30:00,O15,3.0,-3.0,116.94999999999972,120.14999999999972,-3.200000000000003
2025-05-10 12:30:00,O15,8.0,2.8,119.74999999999972,120.14999999999972,-0.4000000000000057
2025-05-11 03:10:00,O15,8.0,2.8,122.54999999999971,122.54999999999971,0.0
2025-05-11 08:30:00,O15,8.0,2.8,125.34999999999971,125.34999999999971,0.0
2025-05-11 10:15:00,O15,3.0,1.0499999999999998,126.39999999999971,126.39999999999971,0.0
2025-05-11 12:00:00,O15,3.0,1.0499999999999998,127.4499999999997,127.4499999999997,0.0
2025-05-11 12:00:00,O15,3.0,-3.0,124.4499999999997,127.4499999999997,-3.0
2025-05-11 12:30:00,O15,3.0,1.0499999999999998,125.4999999999997,127.4499999999997,-1.9500000000000028
2025-05-11 12:30:00,O15,3.0,1.0499999999999998,126.5499999999997,127.4499999999997,-0.9000000000000057
2025-05-11 14:00:00,O15,3.0,1.0499999999999998,127.5999999999997,127.5999999999997,0.0
2025-05-11 16:00:00,O15,3.0,1.0499999999999998,128.6499999999997,128.6499999999997,0.0
2025-05-11 18:00:00,O15,3.0,1.0499999999999998,129.6999999999997,129.6999999999997,0.0
2025-05-12 01:00:00,O15,3.0,1.0499999999999998,130.74999999999972,130.74999999999972,0.0
2025-05-13 17:15:00,O15,3.0,1.0499999999999998,131.79999999999973,131.79999999999973,0.0
2025-05-13 18:30:00,O15,3.0,1.0499999999999998,132.84999999999974,132.84999999999974,0.0
2025-05-13 18:30:00,O15,3.0,-3.0,129.84999999999974,132.84999999999974,-3.0
2025-05-14 18:00:00,O15,3.0,1.0499999999999998,130.89999999999975,132.84999999999974,-1.9499999999999886
2025-05-16 16:00:00,O15,3.0,1.0499999999999998,131.94999999999976,132.84999999999974,-0.8999999999999773
2025-05-16 16:00:00,O15,8.0,2.8,134.74999999999977,134.74999999999977,0.0
2025-05-16 16:00:00,O15,8.0,2.8,137.54999999999978,137.54999999999978,0.0
2025-05-16 17:00:00,O15,3.0,1.0499999999999998,138.5999999999998,138.5999999999998,0.0
2025-05-18 12:30:00,O15,3.0,1.0499999999999998,139.6499999999998,139.6499999999998,0.0
2025-05-18 12:30:00,O15,3.0,1.0499999999999998,140.69999999999982,140.69999999999982,0.0
2025-05-18 16:00:00,O15,3.0,1.0499999999999998,141.74999999999983,141.74999999999983,0.0
2025-05-19 17:00:00,O15,3.0,1.0499999999999998,142.79999999999984,142.79999999999984,0.0
2025-05-21 18:30:00,O15,3.0,1.0499999999999998,143.84999999999985,143.84999999999985,0.0
2025-05-24 12:30:00,O15,8.0,2.8,146.64999999999986,146.64999999999986,0.0
2025-05-25 15:00:00,O15,3.0,1.0499999999999998,147.69999999999987,147.69999999999987,0.0
2025-05-25 15:00:00,O15,3.0,1.0499999999999998,148.7499999999999,148.7499999999999,0.0
2025-06-01 16:30:00,O15,3.0,1.0499999999999998,149.7999999999999,149.7999999999999,0.0
2025-06-01 18:30:00,O15,3.0,1.0499999999999998,150.8499999999999,150.8499999999999,0.0
2025-06-08 13:00:00,O15,3.0,1.0499999999999998,151.89999999999992,151.89999999999992,0.0
2025-06-14 11:00:00,O15,3.0,1.0499999999999998,152.94999999999993,152.94999999999993,0.0
2025-06-17 11:35:00,O15,3.0,-3.0,149.94999999999993,152.94999999999993,-3.0
2025-06-18 12:00:00,O15,3.0,1.0499999999999998,150.99999999999994,152.94999999999993,-1.9499999999999886
2025-06-27 16:00:00,O15,3.0,1.0499999999999998,152.04999999999995,152.94999999999993,-0.8999999999999773
2025-07-25 15:30:00,O15,3.0,1.0499999999999998,153.09999999999997,153.09999999999997,0.0
2025-08-02 13:00:00,O15,3.0,1.0499999999999998,154.14999999999998,154.14999999999998,0.0
2025-08-02 14:00:00,O15,3.0,1.0499999999999998,155.2,155.2,0.0
2025-08-09 11:00:00,O15,3.0,1.0499999999999998,156.25,156.25,0.0
2025-08-15 12:00:00,O15,3.0,1.0499999999999998,157.3,157.3,0.0
2025-08-22 18:30:00,O15,3.0,1.0499999999999998,158.35000000000002,158.35000000000002,0.0
2025-08-23 11:35:00,O15,3.0,1.0499999999999998,159.40000000000003,159.40000000000003,0.0
2025-08-25 12:00:00,O15,3.0,1.0499999999999998,160.45000000000005,160.45000000000005,0.0
2025-08-28 15:30:00,O15,3.0,1.0499999999999998,161.50000000000006,161.50000000000006,0.0
2025-08-29 15:30:00,O15,3.0,-3.0,158.50000000000006,161.50000000000006,-3.0
2025-09-14 16:00:00,O15,3.0,-3.0,155.50000000000006,161.50000000000006,-6.0
2025-09-19 17:30:00,O15,3.0,1.0499999999999998,156.55000000000007,161.50000000000006,-4.949999999999989
2025-09-21 12:00:00,O15,3.0,1.0499999999999998,157.60000000000008,161.50000000000006,-3.8999999999999773
2025-09-26 12:00:00,O15,3.0,1.0499999999999998,158.6500000000001,161.50000000000006,-2.849999999999966
2025-09-28 14:00:00,O15,3.0,1.0499999999999998,159.7000000000001,161.50000000000006,-1.7999999999999545
2025-10-03 15:30:00,O15,3.0,1.0499999999999998,160.7500000000001,161.50000000000006,-0.7499999999999432
2025-10-03 17:00:00,O15,3.0,1.0499999999999998,161.80000000000013,161.80000000000013,0.0
2025-10-04 03:00:00,O15,3.0,1.0499999999999998,162.85000000000014,162.85000000000014,0.0
2025-10-04 03:05:00,O15,3.0,1.0499999999999998,163.90000000000015,163.90000000000015,0.0
2025-10-04 11:35:00,O15,3.0,1.0499999999999998,164.95000000000016,164.95000000000016,0.0
2025-10-04 22:15:00,O15,3.0,1.0499999999999998,166.00000000000017,166.00000000000017,0.0
2025-10-05 12:00:00,O15,3.0,1.0499999999999998,167.05000000000018,167.05000000000018,0.0
2025-10-06 14:30:00,O15,3.0,1.0499999999999998,168.1000000000002,168.1000000000002,0.0
2025-10-18 21:30:00,O15,3.0,1.0499999999999998,169.1500000000002,169.1500000000002,0.0
2025-10-18 23:00:00,O15,3.0,1.0499999999999998,170.20000000000022,170.20000000000022,0.0
2025-10-19 01:00:00,O15,8.0,2.8,173.00000000000023,173.00000000000023,0.0
2025-10-19 12:00:00,O15,3.0,1.0499999999999998,174.05000000000024,174.05000000000024,0.0
2025-10-20 17:00:00,O15,3.0,1.0499999999999998,175.10000000000025,175.10000000000025,0.0
2025-10-22 03:05:00,O15,8.0,2.8,177.90000000000026,177.90000000000026,0.0
2025-10-24 14:30:00,O15,3.0,1.0499999999999998,178.95000000000027,178.95000000000027,0.0
2025-10-25 03:00:00,O15,3.0,1.0499999999999998,180.00000000000028,180.00000000000028,0.0
2025-10-25 23:00:00,O15,3.0,1.0499999999999998,181.0500000000003,181.0500000000003,0.0
2025-10-26 01:00:00,O15,3.0,1.0499999999999998,182.1000000000003,182.1000000000003,0.0
2025-10-26 03:05:00,O15,3.0,1.0499999999999998,183.15000000000032,183.15000000000032,0.0
2025-10-26 13:00:00,O15,3.0,1.0499999999999998,184.20000000000033,184.20000000000033,0.0
2025-10-27 01:00:00,O15,8.0,2.8,187.00000000000034,187.00000000000034,0.0
2025-10-28 19:30:00,O15,3.0,1.0499999999999998,188.05000000000035,188.05000000000035,0.0
2025-10-31 18:30:00,O15,3.0,1.0499999999999998,189.10000000000036,189.10000000000036,0.0
2025-10-31 19:00:00,O15,3.0,1.0499999999999998,190.15000000000038,190.15000000000038,0.0
2025-11-01 03:00:00,O15,3.0,1.0499999999999998,191.2000000000004,191.2000000000004,0.0
2025-11-01 07:30:00,O15,3.0,1.0499999999999998,192.2500000000004,192.2500000000004,0.0
2025-11-01 15:00:00,O15,3.0,1.0499999999999998,193.3000000000004,193.3000000000004,0.0
2025-11-01 17:00:00,O15,3.0,1.0499999999999998,194.35000000000042,194.35000000000042,0.0
2025-11-01 17:45:00,O15,3.0,-3.0,191.35000000000042,194.35000000000042,-3.0
2025-11-02 14:00:00,O15,8.0,2.8,194.15000000000043,194.35000000000042,-0.19999999999998863
2025-11-02 15:45:00,O15,3.0,-3.0,191.15000000000043,194.35000000000042,-3.1999999999999886
2025-11-03 18:00:00,O15,3.0,1.0499999999999998,192.20000000000044,194.35000000000042,-2.1499999999999773
2025-11-07 18:00:00,O15,3.0,1.0499999999999998,193.25000000000045,194.35000000000042,-1.099999999999966
2025-11-08 03:00:00,O15,3.0,1.0499999999999998,194.30000000000047,194.35000000000042,-0.049999999999954525
2025-11-08 14:00:00,O15,3.0,1.0499999999999998,195.35000000000048,195.35000000000048,0.0
2025-11-08 16:00:00,O15,3.0,-3.0,192.35000000000048,195.35000000000048,-3.0
2025-11-08 17:45:00,O15,3.0,1.0499999999999998,193.4000000000005,195.35000000000048,-1.9499999999999886
2025-11-08 18:30:00,O15,3.0,1.0499999999999998,194.4500000000005,195.35000000000048,-0.8999999999999773
2025-11-08 19:00:00,O15,3.0,1.0499999999999998,195.5000000000005,195.5000000000005,0.0
2025-11-08 23:00:00,O15,3.0,1.0499999999999998,196.55000000000052,196.55000000000052,0.0
2025-11-09 01:00:00,O15,3.0,1.0499999999999998,197.60000000000053,197.60000000000053,0.0
2025-11-09 01:00:00,O15,3.0,1.0499999999999998,198.65000000000055,198.65000000000055,0.0
2025-11-09 03:05:00,O15,8.0,2.8,201.45000000000056,201.45000000000056,0.0
2025-11-09 11:15:00,O15,3.0,1.0499999999999998,202.50000000000057,202.50000000000057,0.0
2025-11-09 13:30:00,O15,3.0,1.0499999999999998,203.55000000000058,203.55000000000058,0.0
2025-11-09 19:00:00,O15,3.0,1.0499999999999998,204.6000000000006,204.6000000000006,0.0
2025-11-21 03:00:00,O15,8.0,2.8,207.4000000000006,207.4000000000006,0.0
2025-11-21 15:30:00,O15,3.0,1.0499999999999998,208.4500000000006,208.4500000000006,0.0
2025-11-22 07:30:00,O15,3.0,1.0499999999999998,209.50000000000063,209.50000000000063,0.0
2025-11-22 13:30:00,O15,3.0,1.0499999999999998,210.55000000000064,210.55000000000064,0.0
2025-11-22 14:00:00,O15,3.0,-3.0,207.55000000000064,210.55000000000064,-3.0
2025-11-22 15:00:00,O15,3.0,1.0499999999999998,208.60000000000065,210.55000000000064,-1.9499999999999886
2025-11-22 16:15:00,O15,3.0,1.0499999999999998,209.65000000000066,210.55000000000064,-0.8999999999999773
2025-11-22 17:45:00,O15,3.0,1.0499999999999998,210.70000000000067,210.70000000000067,0.0
2025-11-22 17:45:00,O15,3.0,1.0499999999999998,211.75000000000068,211.75000000000068,0.0
2025-11-22 20:00:00,O15,3.0,1.0499999999999998,212.8000000000007,212.8000000000007,0.0
2025-11-23 13:30:00,O15,3.0,1.0499999999999998,213.8500000000007,213.8500000000007,0.0
2025-11-23 13:30:00,O15,3.0,1.0499999999999998,214.90000000000072,214.90000000000072,0.0
2025-11-23 15:45:00,O15,3.0,1.0499999999999998,215.95000000000073,215.95000000000073,0.0
2025-11-24 01:00:00,O15,3.0,1.0499999999999998,217.00000000000074,217.00000000000074,0.0
2025-11-27 03:05:00,O15,3.0,1.0499999999999998,218.05000000000075,218.05000000000075,0.0
2025-11-28 17:00:00,O15,8.0,2.8,220.85000000000076,220.85000000000076,0.0
2025-11-29 14:00:00,O15,3.0,-3.0,217.85000000000076,220.85000000000076,-3.0
2025-11-29 18:30:00,O15,3.0,1.0499999999999998,218.90000000000077,220.85000000000076,-1.9499999999999886
2025-11-29 23:00:00,O15,8.0,2.8,221.70000000000078,221.70000000000078,0.0
2025-11-30 01:05:00,O15,8.0,-8.0,213.70000000000078,221.70000000000078,-8.0
2025-11-30 03:10:00,O15,3.0,1.0499999999999998,214.7500000000008,221.70000000000078,-6.949999999999989
2025-11-30 13:00:00,O15,3.0,1.0499999999999998,215.8000000000008,221.70000000000078,-5.899999999999977
2025-11-30 15:30:00,O15,3.0,1.0499999999999998,216.85000000000082,221.70000000000078,-4.849999999999966
2025-11-30 17:00:00,O15,3.0,1.0499999999999998,217.90000000000083,221.70000000000078,-3.7999999999999545
2025-11-30 18:30:00,O15,8.0,2.8,220.70000000000084,221.70000000000078,-0.9999999999999432
2025-12-01 20:00:00,O15,3.0,1.0499999999999998,221.75000000000085,221.75000000000085,0.0
2025-12-02 13:30:00,O15,3.0,1.0499999999999998,222.80000000000086,222.80000000000086,0.0
2025-12-03 16:00:00,O15,3.0,1.0499999999999998,223.85000000000088,223.85000000000088,0.0
2025-12-05 17:00:00,O15,3.0,1.0499999999999998,224.9000000000009,224.9000000000009,0.0
2025-12-05 18:30:00,O15,3.0,1.0499999999999998,225.9500000000009,225.9500000000009,0.0
2025-12-05 19:30:00,O15,3.0,1.0499999999999998,227.0000000000009,227.0000000000009,0.0
2025-12-06 20:00:00,O15,3.0,1.0499999999999998,228.05000000000092,228.05000000000092,0.0
2025-12-07 01:00:00,O15,8.0,2.8,230.85000000000093,230.85000000000093,0.0
2025-12-07 11:15:00,O15,3.0,1.0499999999999998,231.90000000000094,231.90000000000094,0.0
2025-12-07 13:00:00,O15,3.0,1.0499999999999998,232.95000000000095,232.95000000000095,0.0
2025-12-07 13:30:00,O15,3.0,1.0499999999999998,234.00000000000097,234.00000000000097,0.0
2025-12-07 13:30:00,O15,3.0,1.0499999999999998,235.05000000000098,235.05000000000098,0.0
2025-12-08 14:00:00,O15,3.0,-3.0,232.05000000000098,235.05000000000098,-3.0
2025-12-08 16:15:00,O15,3.0,1.0499999999999998,233.100000000001,235.05000000000098,-1.9499999999999886
2025-12-08 18:30:00,O15,3.0,-3.0,230.100000000001,235.05000000000098,-4.949999999999989
2025-12-12 17:00:00,O15,3.0,-3.0,227.100000000001,235.05000000000098,-7.949999999999989
2025-12-13 14:00:00,O15,3.0,-3.0,224.100000000001,235.05000000000098,-10.949999999999989
2025-12-13 15:00:00,O15,1.7999999999999998,0.6299999999999999,224.73000000000098,235.05000000000098,-10.319999999999993
2025-12-13 15:30:00,O15,1.7999999999999998,0.6299999999999999,225.36000000000098,235.05000000000098,-9.689999999999998
2025-12-14 13:30:00,O15,1.7999999999999998,0.6299999999999999,225.99000000000098,235.05000000000098,-9.060000000000002
2025-12-15 15:30:00,O15,1.7999999999999998,0.6299999999999999,226.62000000000097,235.05000000000098,-8.430000000000007
2025-12-20 12:30:00,O15,1.7999999999999998,0.6299999999999999,227.25000000000097,235.05000000000098,-7.800000000000011
2025-12-20 14:00:00,O15,3.0,1.0499999999999998,228.30000000000098,235.05000000000098,-6.75
2025-12-20 14:00:00,O15,8.0,2.8,231.100000000001,235.05000000000098,-3.9499999999999886
2025-12-20 15:30:00,O15,3.0,1.0499999999999998,232.150000000001,235.05000000000098,-2.8999999999999773
2025-12-20 19:00:00,O15,3.0,1.0499999999999998,233.200000000001,235.05000000000098,-1.849999999999966
2025-12-21 13:30:00,O15,3.0,1.0499999999999998,234.25000000000102,235.05000000000098,-0.7999999999999545
2025-12-29 19:45:00,O15,3.0,-3.0,231.25000000000102,235.05000000000098,-3.7999999999999545
2025-12-29 20:15:00,O15,3.0,1.0499999999999998,232.30000000000103,235.05000000000098,-2.749999999999943
2026-01-01 15:00:00,O15,3.0,-3.0,229.30000000000103,235.05000000000098,-5.749999999999943
2026-01-01 15:00:00,O15,3.0,1.0499999999999998,230.35000000000105,235.05000000000098,-4.699999999999932
2026-01-01 15:00:00,O15,3.0,-3.0,227.35000000000105,235.05000000000098,-7.699999999999932
2026-01-01 15:00:00,O15,3.0,1.0499999999999998,228.40000000000106,235.05000000000098,-6.64999999999992
2026-01-01 15:00:00,O15,3.0,1.0499999999999998,229.45000000000107,235.05000000000098,-5.599999999999909
2026-01-01 15:00:00,O15,3.0,-3.0,226.45000000000107,235.05000000000098,-8.599999999999909
2026-01-01 15:00:00,O15,3.0,1.0499999999999998,227.50000000000108,235.05000000000098,-7.549999999999898
2026-01-01 15:00:00,O15,3.0,1.0499999999999998,228.5500000000011,235.05000000000098,-6.499999999999886
2026-01-01 15:00:00,O15,3.0,1.0499999999999998,229.6000000000011,235.05000000000098,-5.449999999999875
2026-01-01 17:30:00,O15,3.0,1.0499999999999998,230.6500000000011,235.05000000000098,-4.399999999999864
2026-01-08 19:45:00,O15,3.0,1.0499999999999998,231.70000000000113,235.05000000000098,-3.349999999999852
2026-01-10 01:00:00,O15,3.0,1.0499999999999998,232.75000000000114,235.05000000000098,-2.299999999999841
2026-01-10 03:00:00,O15,8.0,-8.0,224.75000000000114,235.05000000000098,-10.29999999999984
2026-01-10 17:45:00,O15,3.0,1.0499999999999998,225.80000000000115,235.05000000000098,-9.24999999999983
2026-01-10 19:00:00,O15,3.0,1.0499999999999998,226.85000000000116,235.05000000000098,-8.199999999999818
2026-01-10 23:07:00,O15,3.0,1.0499999999999998,227.90000000000117,235.05000000000098,-7.149999999999807
2026-01-11 01:00:00,O15,3.0,1.0499999999999998,228.95000000000118,235.05000000000098,-6.099999999999795
2026-01-11 13:30:00,O15,3.0,1.0499999999999998,230.0000000000012,235.05000000000098,-5.049999999999784
2026-01-11 18:00:00,O15,3.0,1.0499999999999998,231.0500000000012,235.05000000000098,-3.9999999999997726
2026-01-11 19:00:00,O15,3.0,1.0499999999999998,232.10000000000122,235.05000000000098,-2.9499999999997613
2026-01-14 01:00:00,O15,3.0,1.0499999999999998,233.15000000000123,235.05000000000098,-1.8999999999997499
2026-01-14 23:00:00,O15,3.0,1.0499999999999998,234.20000000000124,235.05000000000098,-0.8499999999997385
2026-01-15 01:05:00,O15,8.0,2.8,237.00000000000125,237.00000000000125,0.0
2026-01-15 03:06:00,O15,8.0,-8.0,229.00000000000125,237.00000000000125,-8.0
2026-01-15 03:10:00,O15,3.0,1.0499999999999998,230.05000000000126,237.00000000000125,-6.949999999999989
2026-01-17 03:00:00,O15,3.0,1.0499999999999998,231.10000000000127,237.00000000000125,-5.899999999999977
2026-01-17 15:00:00,O15,3.0,1.0499999999999998,232.15000000000128,237.00000000000125,-4.849999999999966
2026-01-17 23:07:00,O15,8.0,2.8,234.9500000000013,237.00000000000125,-2.0499999999999545
2026-01-18 03:05:00,O15,8.0,-8.0,226.9500000000013,237.00000000000125,-10.049999999999955
2026-01-18 13:30:00,O15,3.0,1.0499999999999998,228.0000000000013,237.00000000000125,-8.999999999999943
2026-01-18 13:30:00,O15,3.0,1.0499999999999998,229.05000000000132,237.00000000000125,-7.949999999999932
2026-01-18 23:00:00,O15,3.0,1.0499999999999998,230.10000000000133,237.00000000000125,-6.89999999999992
2026-01-21 17:45:00,O15,3.0,1.0499999999999998,231.15000000000134,237.00000000000125,-5.849999999999909
2026-01-23 19:45:00,O15,3.0,1.0499999999999998,232.20000000000135,237.00000000000125,-4.799999999999898
2026-01-24 14:00:00,O15,3.0,1.0499999999999998,233.25000000000136,237.00000000000125,-3.7499999999998863
2026-01-24 17:00:00,O15,3.0,1.0499999999999998,234.30000000000138,237.00000000000125,-2.699999999999875
2026-01-24 17:45:00,O15,3.0,1.0499999999999998,235.3500000000014,237.00000000000125,-1.6499999999998636
2026-01-25 11:15:00,O15,3.0,-3.0,232.3500000000014,237.00000000000125,-4.649999999999864
2026-01-25 14:00:00,O15,3.0,1.0499999999999998,233.4000000000014,237.00000000000125,-3.599999999999852
2026-01-25 15:45:00,O15,3.0,-3.0,230.4000000000014,237.00000000000125,-6.599999999999852
2026-01-25 15:45:00,O15,3.0,1.0499999999999998,231.4500000000014,237.00000000000125,-5.549999999999841
2026-01-31 14:00:00,O15,8.0,2.8,234.25000000000142,237.00000000000125,-2.7499999999998295
2026-01-31 15:30:00,O15,3.0,1.0499999999999998,235.30000000000143,237.00000000000125,-1.699999999999818
2026-02-01 13:30:00,O15,3.0,1.0499999999999998,236.35000000000144,237.00000000000125,-0.6499999999998067
2026-02-01 13:30:00,O15,3.0,1.0499999999999998,237.40000000000146,237.40000000000146,0.0
2026-02-01 15:30:00,O15,3.0,1.0499999999999998,238.45000000000147,238.45000000000147,0.0
2026-02-01 15:45:00,O15,3.0,1.0499999999999998,239.50000000000148,239.50000000000148,0.0
2026-02-01 19:00:00,O15,3.0,1.0499999999999998,240.5500000000015,240.5500000000015,0.0
2026-02-07 15:30:00,O15,3.0,1.0499999999999998,241.6000000000015,241.6000000000015,0.0
2026-02-07 20:00:00,O15,3.0,1.0499999999999998,242.6500000000015,242.6500000000015,0.0
2026-02-08 03:10:00,O15,8.0,-8.0,234.6500000000015,242.6500000000015,-8.0
2026-02-08 12:15:00,O15,3.0,1.0499999999999998,235.70000000000152,242.6500000000015,-6.949999999999989
2026-02-09 18:00:00,O15,3.0,1.0499999999999998,236.75000000000153,242.6500000000015,-5.899999999999977
2026-02-09 19:45:00,O15,3.0,1.0499999999999998,237.80000000000155,242.6500000000015,-4.849999999999966
2026-02-09 20:00:00,O15,3.0,1.0499999999999998,238.85000000000156,242.6500000000015,-3.7999999999999545
2026-02-11 17:45:00,O15,3.0,1.0499999999999998,239.90000000000157,242.6500000000015,-2.749999999999943
2026-02-11 20:00:00,O15,3.0,1.0499999999999998,240.95000000000158,242.6500000000015,-1.6999999999999318
2026-02-14 14:00:00,O15,3.0,1.0499999999999998,242.0000000000016,242.6500000000015,-0.6499999999999204
2026-02-14 14:00:00,O15,3.0,-3.0,239.0000000000016,242.6500000000015,-3.6499999999999204
2026-02-14 17:45:00,O15,3.0,1.0499999999999998,240.0500000000016,242.6500000000015,-2.599999999999909
2026-02-14 19:00:00,O15,3.0,1.0499999999999998,241.10000000000161,242.6500000000015,-1.5499999999998977
2026-02-14 20:00:00,O15,3.0,1.0499999999999998,242.15000000000163,242.6500000000015,-0.4999999999998863
2026-02-15 01:06:00,O15,3.0,1.0499999999999998,243.20000000000164,243.20000000000164,0.0
2026-02-15 11:15:00,O15,3.0,-3.0,240.20000000000164,243.20000000000164,-3.0
2026-02-15 22:30:00,O15,8.0,2.8,243.00000000000165,243.20000000000164,-0.19999999999998863
2026-02-16 18:00:00,O15,3.0,1.0499999999999998,244.05000000000166,244.05000000000166,0.0
2026-02-20 19:00:00,O15,3.0,1.0499999999999998,245.10000000000167,245.10000000000167,0.0
2026-02-21 12:30:00,O15,3.0,-3.0,242.10000000000167,245.10000000000167,-3.0
2026-02-21 20:00:00,O15,3.0,1.0499999999999998,243.15000000000168,245.10000000000167,-1.9499999999999886
2026-02-22 09:30:00,O15,8.0,2.8,245.9500000000017,245.9500000000017,0.0
2026-02-22 13:30:00,O15,3.0,1.0499999999999998,247.0000000000017,247.0000000000017,0.0
2026-02-22 19:00:00,O15,3.0,1.0499999999999998,248.05000000000172,248.05000000000172,0.0
2026-02-22 23:00:00,O15,3.0,1.0499999999999998,249.10000000000173,249.10000000000173,0.0
2026-02-23 17:30:00,O15,3.0,-3.0,246.10000000000173,249.10000000000173,-3.0
2026-02-28 15:30:00,O15,3.0,1.0499999999999998,247.15000000000174,249.10000000000173,-1.9499999999999886
2026-02-28 20:00:00,O15,3.0,1.0499999999999998,248.20000000000175,249.10000000000173,-0.8999999999999773
2026-02-28 23:00:00,O15,3.0,1.0499999999999998,249.25000000000176,249.25000000000176,0.0
2026-02-28 23:00:00,O15,3.0,-3.0,246.25000000000176,249.25000000000176,-3.0
2026-03-01 01:06:00,O15,3.0,1.0499999999999998,247.30000000000177,249.25000000000176,-1.9499999999999886
2026-03-01 03:10:00,O15,8.0,2.8,250.10000000000178,250.10000000000178,0.0
2026-03-01 11:15:00,O15,3.0,-3.0,247.10000000000178,250.10000000000178,-3.0
2026-03-02 16:00:00,O15,3.0,1.0499999999999998,248.1500000000018,250.10000000000178,-1.9499999999999886
2026-03-04 01:00:00,O15,3.0,1.0499999999999998,249.2000000000018,250.10000000000178,-0.8999999999999773
2026-03-04 01:00:00,O15,8.0,2.8,252.00000000000182,252.00000000000182,0.0
2026-03-07 03:00:00,O15,3.0,-3.0,249.00000000000182,252.00000000000182,-3.0
2026-03-07 15:00:00,O15,3.0,1.0499999999999998,250.05000000000183,252.00000000000182,-1.9499999999999886
2026-03-07 19:00:00,O15,3.0,1.0499999999999998,251.10000000000184,252.00000000000182,-0.8999999999999773
2026-03-07 20:00:00,O15,3.0,1.0499999999999998,252.15000000000185,252.15000000000185,0.0
2026-03-07 23:00:00,O15,3.0,1.0499999999999998,253.20000000000186,253.20000000000186,0.0
2026-03-08 01:05:00,O15,3.0,1.0499999999999998,254.25000000000188,254.25000000000188,0.0
2026-03-08 09:30:00,O15,3.0,1.0499999999999998,255.3000000000019,255.3000000000019,0.0
2026-03-08 12:30:00,O15,8.0,2.8,258.1000000000019,258.1000000000019,0.0
2026-03-08 13:30:00,O15,3.0,1.0499999999999998,259.1500000000019,259.1500000000019,0.0
2026-03-08 15:45:00,O15,3.0,1.0499999999999998,260.2000000000019,260.2000000000019,0.0
2026-03-08 16:00:00,O15,3.0,1.0499999999999998,261.25000000000193,261.25000000000193,0.0
2026-03-09 18:00:00,O15,8.0,2.8,264.05000000000194,264.05000000000194,0.0
2026-03-10 17:30:00,O15,8.0,2.8,266.85000000000196,266.85000000000196,0.0
2026-03-13 15:30:00,O15,3.0,1.0499999999999998,267.90000000000197,267.90000000000197,0.0
2026-03-13 19:00:00,O15,3.0,1.0499999999999998,268.950000000002,268.950000000002,0.0
2026-03-14 01:00:00,O15,3.0,-3.0,265.950000000002,268.950000000002,-3.0
2026-03-14 15:30:00,O15,3.0,1.0499999999999998,267.000000000002,268.950000000002,-1.9499999999999886
2026-03-14 17:45:00,O15,3.0,1.0499999999999998,268.050000000002,268.950000000002,-0.8999999999999773
2026-03-14 19:00:00,O15,3.0,1.0499999999999998,269.100000000002,269.100000000002,0.0
2026-03-14 20:00:00,O15,3.0,1.0499999999999998,270.150000000002,270.150000000002,0.0
2026-03-14 23:07:00,O15,3.0,1.0499999999999998,271.20000000000203,271.20000000000203,0.0
2026-03-15 03:10:00,O15,3.0,1.0499999999999998,272.25000000000205,272.25000000000205,0.0
2026-03-15 13:30:00,O15,3.0,1.0499999999999998,273.30000000000206,273.30000000000206,0.0
2026-03-15 14:00:00,O15,3.0,1.0499999999999998,274.35000000000207,274.35000000000207,0.0
2026-03-17 19:00:00,O15,3.0,1.0499999999999998,275.4000000000021,275.4000000000021,0.0
2026-03-18 13:00:00,O15,3.0,1.0499999999999998,276.4500000000021,276.4500000000021,0.0
2026-03-18 18:00:00,O15,3.0,1.0499999999999998,277.5000000000021,277.5000000000021,0.0
2026-03-20 17:00:00,O15,3.0,1.0499999999999998,278.5500000000021,278.5500000000021,0.0
2026-03-20 17:00:00,O15,3.0,-3.0,275.5500000000021,278.5500000000021,-3.0
2026-03-20 19:45:00,O15,3.0,1.0499999999999998,276.6000000000021,278.5500000000021,-1.9499999999999886
2026-03-20 19:45:00,O15,3.0,-3.0,273.6000000000021,278.5500000000021,-4.949999999999989
2026-03-21 03:06:00,O15,3.0,1.0499999999999998,274.65000000000214,278.5500000000021,-3.8999999999999773
2026-03-21 14:00:00,O15,3.0,1.0499999999999998,275.70000000000215,278.5500000000021,-2.849999999999966
2026-03-21 23:00:00,O15,3.0,-3.0,272.70000000000215,278.5500000000021,-5.849999999999966
2026-03-22 09:30:00,O15,3.0,-3.0,269.70000000000215,278.5500000000021,-8.849999999999966
2026-03-22 11:15:00,O15,3.0,1.0499999999999998,270.75000000000216,278.5500000000021,-7.7999999999999545
2026-03-22 13:30:00,O15,3.0,1.0499999999999998,271.80000000000217,278.5500000000021,-6.749999999999943
2026-03-22 17:00:00,O15,3.0,1.0499999999999998,272.8500000000022,278.5500000000021,-5.699999999999932
2026-03-23 01:06:00,O15,3.0,1.0499999999999998,273.9000000000022,278.5500000000021,-4.64999999999992
2026-04-03 16:00:00,O15,3.0,1.0499999999999998,274.9500000000022,278.5500000000021,-3.599999999999909
2026-04-04 12:00:00,O15,3.0,1.0499999999999998,276.0000000000022,278.5500000000021,-2.5499999999998977
2026-04-04 16:45:00,O15,3.0,1.0499999999999998,277.0500000000022,278.5500000000021,-1.4999999999998863
2026-04-04 17:00:00,O15,3.0,1.0499999999999998,278.10000000000224,278.5500000000021,-0.44999999999987494
2026-04-05 10:15:00,O15,3.0,1.0499999999999998,279.15000000000225,279.15000000000225,0.0
2026-04-05 12:30:00,O15,3.0,-3.0,276.15000000000225,279.15000000000225,-3.0
2026-04-05 15:15:00,O15,3.0,1.0499999999999998,277.20000000000226,279.15000000000225,-1.9499999999999886
2026-04-05 17:30:00,O15,3.0,1.0499999999999998,278.2500000000023,279.15000000000225,-0.8999999999999773
2026-04-05 18:45:00,O15,3.0,1.0499999999999998,279.3000000000023,279.3000000000023,0.0
2026-04-06 10:30:00,O15,3.0,1.0499999999999998,280.3500000000023,280.3500000000023,0.0
2026-04-06 12:00:00,O15,3.0,-3.0,277.3500000000023,280.3500000000023,-3.0
2026-04-06 14:00:00,O15,3.0,-3.0,274.3500000000023,280.3500000000023,-6.0
2026-04-06 15:00:00,O15,8.0,2.8,277.1500000000023,280.3500000000023,-3.1999999999999886
2026-04-10 16:00:00,O15,3.0,1.0499999999999998,278.2000000000023,280.3500000000023,-2.1499999999999773
2026-04-11 03:06:00,O15,3.0,1.0499999999999998,279.25000000000233,280.3500000000023,-1.099999999999966
2026-04-11 15:00:00,O15,3.0,-3.0,276.25000000000233,280.3500000000023,-4.099999999999966
2026-04-11 16:45:00,O15,3.0,1.0499999999999998,277.30000000000234,280.3500000000023,-3.0499999999999545
2026-04-11 17:30:00,O15,3.0,1.0499999999999998,278.35000000000235,280.3500000000023,-1.9999999999999432
2026-04-11 18:45:00,O15,3.0,-3.0,275.35000000000235,280.3500000000023,-4.999999999999943
2026-04-11 23:00:00,O15,3.0,1.0499999999999998,276.40000000000236,280.3500000000023,-3.949999999999932
2026-04-12 01:00:00,O15,3.0,-3.0,273.40000000000236,280.3500000000023,-6.949999999999932
2026-04-12 01:00:00,O15,8.0,2.8,276.2000000000024,280.3500000000023,-4.14999999999992
2026-04-12 12:00:00,O15,3.0,1.0499999999999998,277.2500000000024,280.3500000000023,-3.099999999999909
2026-04-12 14:45:00,O15,3.0,1.0499999999999998,278.3000000000024,280.3500000000023,-2.0499999999998977
2026-04-12 18:00:00,O15,8.0,2.8,281.1000000000024,281.1000000000024,0.0
2026-04-13 01:00:00,O15,8.0,2.8,283.9000000000024,283.9000000000024,0.0
2026-04-14 17:00:00,O15,8.0,2.8,286.70000000000243,286.70000000000243,0.0
2026-04-18 01:00:00,O15,3.0,1.0499999999999998,287.75000000000244,287.75000000000244,0.0
2026-04-18 17:30:00,O15,3.0,1.0499999999999998,288.80000000000246,288.80000000000246,0.0
2026-04-18 23:00:00,O15,3.0,1.0499999999999998,289.85000000000247,289.85000000000247,0.0
2026-04-19 13:00:00,O15,3.0,1.0499999999999998,290.9000000000025,290.9000000000025,0.0
2026-04-19 16:00:00,O15,3.0,1.0499999999999998,291.9500000000025,291.9500000000025,0.0
2026-04-20 17:30:00,O15,3.0,1.0499999999999998,293.0000000000025,293.0000000000025,0.0
2026-04-21 18:45:00,O15,3.0,-3.0,290.0000000000025,293.0000000000025,-3.0
2026-04-22 01:00:00,O15,8.0,2.8,292.8000000000025,293.0000000000025,-0.19999999999998863
2026-04-22 16:00:00,O15,3.0,1.0499999999999998,293.8500000000025,293.8500000000025,0.0
2026-04-24 16:00:00,O15,3.0,1.0499999999999998,294.90000000000254,294.90000000000254,0.0
2026-04-24 17:00:00,O15,8.0,-8.0,286.90000000000254,294.90000000000254,-8.0
2026-04-25 10:30:00,O15,3.0,1.0499999999999998,287.95000000000255,294.90000000000254,-6.949999999999989
2026-04-25 14:30:00,O15,3.0,1.0499999999999998,289.00000000000256,294.90000000000254,-5.899999999999977
2026-04-25 16:45:00,O15,3.0,1.0499999999999998,290.05000000000257,294.90000000000254,-4.849999999999966
2026-04-26 03:00:00,O15,3.0,1.0499999999999998,291.1000000000026,294.90000000000254,-3.7999999999999545
2026-04-26 11:00:00,O15,3.0,1.0499999999999998,292.1500000000026,294.90000000000254,-2.749999999999943
2026-04-27 01:05:00,O15,3.0,1.0499999999999998,293.2000000000026,294.90000000000254,-1.6999999999999318
2026-04-27 17:00:00,O15,3.0,1.0499999999999998,294.2500000000026,294.90000000000254,-0.6499999999999204
2026-05-01 13:00:00,O15,8.0,2.8,297.0500000000026,297.0500000000026,0.0
2026-05-01 17:30:00,O15,3.0,-3.0,294.0500000000026,297.0500000000026,-3.0
2026-05-02 12:30:00,O15,3.0,-3.0,291.0500000000026,297.0500000000026,-6.0
2026-05-02 16:45:00,O15,3.0,1.0499999999999998,292.10000000000264,297.0500000000026,-4.949999999999989
2026-05-02 18:00:00,O15,3.0,1.0499999999999998,293.15000000000265,297.0500000000026,-3.8999999999999773
2026-05-02 19:00:00,O15,3.0,1.0499999999999998,294.20000000000266,297.0500000000026,-2.849999999999966
2026-05-03 01:00:00,O15,3.0,1.0499999999999998,295.2500000000027,297.0500000000026,-1.7999999999999545
2026-05-03 08:30:00,O15,8.0,2.8,298.0500000000027,298.0500000000027,0.0
2026-05-03 10:15:00,O15,3.0,1.0499999999999998,299.1000000000027,299.1000000000027,0.0
2026-05-03 12:00:00,O15,3.0,1.0499999999999998,300.1500000000027,300.1500000000027,0.0
2026-05-04 01:15:00,O15,8.0,-8.0,292.1500000000027,300.1500000000027,-8.0
2026-05-08 18:30:00,O15,8.0,2.8,294.9500000000027,300.1500000000027,-5.199999999999989
2026-05-09 16:00:00,O15,3.0,1.0499999999999998,296.00000000000273,300.1500000000027,-4.149999999999977
2026-05-10 00:30:00,O15,3.0,1.0499999999999998,297.05000000000274,300.1500000000027,-3.099999999999966
2026-05-10 14:00:00,O15,3.0,1.0499999999999998,298.10000000000275,300.1500000000027,-2.0499999999999545
2026-05-10 14:45:00,O15,3.0,1.0499999999999998,299.15000000000276,300.1500000000027,-0.9999999999999432
2026-05-10 23:00:00,O15,8.0,2.8,301.9500000000028,301.9500000000028,0.0
2026-05-12 16:45:00,O15,3.0,-3.0,298.9500000000028,301.9500000000028,-3.0
2026-05-14 02:00:00,O15,8.0,2.8,301.7500000000028,301.9500000000028,-0.19999999999998863
2026-05-16 18:00:00,O15,3.0,1.0499999999999998,302.8000000000028,302.8000000000028,0.0
2026-05-17 01:07:00,O15,8.0,2.8,305.6000000000028,305.6000000000028,0.0
2026-05-17 12:00:00,O15,3.0,-3.0,302.6000000000028,305.6000000000028,-3.0
2026-05-17 12:00:00,O15,3.0,1.0499999999999998,303.6500000000028,305.6000000000028,-1.9499999999999886
2026-05-17 12:00:00,O15,3.0,1.0499999999999998,304.70000000000283,305.6000000000028,-0.8999999999999773
2026-05-17 12:30:00,O15,3.0,1.0499999999999998,305.75000000000284,305.75000000000284,0.0
2026-05-17 16:00:00,O15,3.0,1.0499999999999998,306.80000000000285,306.80000000000285,0.0
2026-05-19 18:00:00,O15,8.0,2.8,309.60000000000286,309.60000000000286,0.0
2026-05-20 11:35:00,O15,3.0,1.0499999999999998,310.6500000000029,310.6500000000029,0.0
2026-05-20 18:00:00,O15,8.0,2.8,313.4500000000029,313.4500000000029,0.0
2026-05-21 16:30:00,O15,3.0,1.0499999999999998,314.5000000000029,314.5000000000029,0.0
2026-05-21 16:45:00,O15,3.0,1.0499999999999998,315.5500000000029,315.5500000000029,0.0
2026-05-29 17:30:00,O15,3.0,1.0499999999999998,316.6000000000029,316.6000000000029,0.0
2026-05-29 18:00:00,O15,3.0,1.0499999999999998,317.65000000000293,317.65000000000293,0.0
2026-05-31 18:00:00,O15,3.0,1.0499999999999998,318.70000000000294,318.70000000000294,0.0
