rank,pattern_id,pattern_name,event_id,event_label,event_group,description,rules,methods,date_from,date_to,train_n,train_probability,oos_n,oos_probability,oos_p_value,oos_pass,monthly_probs,trading_opportunities,n,hits,probability,ci_low,ci_high,p_value,base_rate,monthly_stability,seasonal_stability,walk_forward_pass,support,confidence,lift,leverage,conviction,expected_frequency,odds_ratio,mc_median_prob,mc_p5_prob,mc_p95_prob,mc_prob_above_base,robustness_score,edge_explanation
1,31c3b2a090d6,"Casa segna per prima | odd_1 in [1.14, 2.02] AND odd_fav in [1.14, 2] AND odd_over2",evt_home_first_goal,Casa segna per prima,Squadra Casa,"odd_1 in [1.14, 2.02] AND odd_fav in [1.14, 2] AND odd_over25 in [0, 2.45]","[{'feature': 'odd_1', 'op': 'between', 'lo': 1.14, 'hi': 2.02, 'val': None, 'eq_val': None}, {'feature': 'odd_fav', 'op': 'between', 'lo': 1.14, 'hi': 2.0, 'val': None, 'eq_val': None}, {'feature': 'odd_over25', 'op': 'between', 'lo': 0.0, 'hi': 2.45, 'val': None, 'eq_val': None}]",['grid_3'],2017-11-25,2025-11-30,481,0.6174636174636174,87,0.6091954022988506,0.03944245309537775,True,"{""2017-11"": null, ""2017-12"": 0.5, ""2018-01"": null, ""2018-02"": 0.5714285714285714, ""2018-03"": 0.45454545454545453, ""2018-04"": 0.6666666666666666, ""2018-05"": null, ""2018-06"": null, ""2018-07"": null, ""2018-08"": null, ""2018-09"": 0.0, ""2018-10"": 0.0, ""2018-11"": null, ""2018-12"": 0.3333333333333333, ""2019-01"": null, ""2019-02"": 1.0, ""2019-03"": 0.5, ""2019-04"": 1.0, ""2019-05"": 1.0, ""2019-06"": 1.0, ""2019-07"": null, ""2019-08"": 0.4, ""2019-09"": 0.42857142857142855, ""2019-10"": 0.4, ""2019-11"": 0.4444444444444444, ""2019-12"": 1.0, ""2020-01"": null, ""2020-02"": 0.875, ""2020-03"": 0.16666666666666666, ""2020-04"": null, ""2020-05"": null, ""2020-06"": null, ""2020-07"": null, ""2020-08"": null, ""2020-09"": null, ""2020-10"": null, ""2020-11"": 0.4, ""2020-12"": 0.7, ""2021-01"": 0.6153846153846154, ""2021-02"": null, ""2021-03"": 0.5, ""2021-04"": 0.6, ""2021-05"": 0.6, ""2021-06"": 0.375, ""2021-07"": 0.4, ""2021-08"": 0.7, ""2021-09"": 0.5714285714285714, ""2021-10"": 0.8, ""2021-11"": 1.0, ""2021-12"": 1.0, ""2022-01"": null, ""2022-02"": 0.5, ""2022-03"": 0.7777777777777778, ""2022-04"": 0.7777777777777778, ""2022-05"": 0.5, ""2022-06"": 0.7857142857142857, ""2022-07"": 0.6153846153846154, ""2022-08"": 0.46153846153846156, ""2022-09"": 0.8461538461538461, ""2022-10"": 0.7777777777777778, ""2022-11"": null, ""2022-12"": null, ""2023-01"": null, ""2023-02"": 0.625, ""2023-03"": 0.75, ""2023-04"": 0.5238095238095238, ""2023-05"": 0.6923076923076923, ""2023-06"": 0.8125, ""2023-07"": 0.6923076923076923, ""2023-08"": 0.5333333333333333, ""2023-09"": 0.5862068965517241, ""2023-10"": 0.5263157894736842, ""2023-11"": 0.5, ""2023-12"": null, ""2024-01"": null, ""2024-02"": 0.8, ""2024-03"": 0.6428571428571429, ""2024-04"": 0.5, ""2024-05"": 0.8333333333333334, ""2024-06"": 0.5714285714285714, ""2024-07"": 0.8, ""2024-08"": 0.3333333333333333, ""2024-09"": 0.5555555555555556, ""2024-10"": 0.6666666666666666, ""2024-11"": null, ""2024-12"": null, ""2025-01"": null, ""2025-02"": 0.0, ""2025-03"": null, ""2025-04"": 0.0, ""2025-05"": 0.8, ""2025-06"": 0.25, ""2025-07"": 0.25, ""2025-08"": 1.0, ""2025-09"": 1.0, ""2025-10"": 1.0, ""2025-11"": null}","[""Home Next Goal"", ""Primo gol Casa"", ""1X""]",568,350,0.6161971830985915,0.575549407799851,0.6552837459965849,9.754724988774193e-08,0.5066729103254507,0.9411764705882353,0.9394102247063377,True,0.13298993210021073,0.6161971830985915,1.2161636640545677,0.10952427277314081,1.2853659951153393,287.790213064856,1.5632154182706166,0.6144366197183099,0.5809859154929577,0.6461267605633803,0.456,82.3,"Su **568** partite che soddisfano `odd_1 in [1.14, 2.02] AND odd_fav in [1.14, 2] AND odd_over25 in [0, 2.45]`, **Casa segna per prima** si verifica nel **61.6%** dei casi (baseline campionato: 50.7%). **Lift 1.22**: la probabilità è 1.2× la media del campionato. Il risultato è **statisticamente significativo** (p=0.0000). Out-of-sample: probabilità **60.9%** su 87 partite. Stabilità mensile elevata: il pattern regge nel tempo."
2,a7c0b37bac7f,"Casa segna per prima | odd_1 in [1.14, 2.02] AND odd_fav in [1.14, 2] AND odd_over1",evt_home_first_goal,Casa segna per prima,Squadra Casa,"odd_1 in [1.14, 2.02] AND odd_fav in [1.14, 2] AND odd_over15 in [0, 1.49]","[{'feature': 'odd_1', 'op': 'between', 'lo': 1.14, 'hi': 2.02, 'val': None, 'eq_val': None}, {'feature': 'odd_fav', 'op': 'between', 'lo': 1.14, 'hi': 2.0, 'val': None, 'eq_val': None}, {'feature': 'odd_over15', 'op': 'between', 'lo': 0.0, 'hi': 1.49, 'val': None, 'eq_val': None}]",['grid_3'],2017-11-25,2025-11-30,469,0.6204690831556503,52,0.6346153846153846,0.047266749934848314,True,"{""2017-11"": null, ""2017-12"": 0.5, ""2018-01"": null, ""2018-02"": 0.5, ""2018-03"": 0.4166666666666667, ""2018-04"": 0.7647058823529411, ""2018-05"": null, ""2018-06"": null, ""2018-07"": null, ""2018-08"": 0.0, ""2018-09"": 0.0, ""2018-10"": 0.0, ""2018-11"": 1.0, ""2018-12"": 0.3333333333333333, ""2019-01"": null, ""2019-02"": 0.5, ""2019-03"": 0.5, ""2019-04"": 1.0, ""2019-05"": 1.0, ""2019-06"": 1.0, ""2019-07"": null, ""2019-08"": 0.6666666666666666, ""2019-09"": 0.5, ""2019-10"": 0.4, ""2019-11"": 0.5, ""2019-12"": 1.0, ""2020-01"": null, ""2020-02"": 0.875, ""2020-03"": 0.16666666666666666, ""2020-04"": null, ""2020-05"": null, ""2020-06"": null, ""2020-07"": null, ""2020-08"": null, ""2020-09"": null, ""2020-10"": null, ""2020-11"": 0.25, ""2020-12"": 0.6363636363636364, ""2021-01"": 0.5833333333333334, ""2021-02"": null, ""2021-03"": 0.5, ""2021-04"": 0.6, ""2021-05"": 0.75, ""2021-06"": 0.5714285714285714, ""2021-07"": 0.5555555555555556, ""2021-08"": 0.6923076923076923, ""2021-09"": 0.375, ""2021-10"": 0.9, ""2021-11"": 1.0, ""2021-12"": 1.0, ""2022-01"": null, ""2022-02"": 0.42857142857142855, ""2022-03"": 0.8571428571428571, ""2022-04"": 0.8, ""2022-05"": 0.6, ""2022-06"": 0.7142857142857143, ""2022-07"": 0.6363636363636364, ""2022-08"": 0.5882352941176471, ""2022-09"": 0.6, ""2022-10"": 0.875, ""2022-11"": null, ""2022-12"": null, ""2023-01"": null, ""2023-02"": 0.5, ""2023-03"": 0.75, ""2023-04"": 0.5882352941176471, ""2023-05"": 0.6153846153846154, ""2023-06"": 0.8181818181818182, ""2023-07"": 0.5714285714285714, ""2023-08"": 0.75, ""2023-09"": 0.5769230769230769, ""2023-10"": 0.5294117647058824, ""2023-11"": 0.5, ""2023-12"": null, ""2024-01"": null, ""2024-02"": 0.8125, ""2024-03"": 0.7142857142857143, ""2024-04"": 0.3333333333333333, ""2024-05"": 1.0, ""2024-06"": 1.0, ""2024-07"": 0.0, ""2024-08"": 1.0, ""2024-09"": 0.25, ""2024-10"": 0.5555555555555556, ""2024-11"": null, ""2024-12"": null, ""2025-01"": null, ""2025-02"": 0.0, ""2025-03"": null, ""2025-04"": 0.6666666666666666, ""2025-05"": 1.0, ""2025-06"": 0.3333333333333333, ""2025-07"": 0.0, ""2025-08"": 1.0, ""2025-09"": 1.0, ""2025-10"": 1.0, ""2025-11"": null}","[""Home Next Goal"", ""Primo gol Casa"", ""1X""]",521,324,0.6218809980806143,0.5794925035913756,0.6624852664634372,7.875543642911038e-08,0.5066729103254507,0.9142857142857143,0.9327003722960108,True,0.1219854834933271,0.6218809980806143,1.227381581701619,0.11520808775516356,1.3046873792915747,263.9765862795598,1.6013492592210326,0.6209213051823417,0.5873320537428023,0.6564299424184261,0.464,82.1,"Su **521** partite che soddisfano `odd_1 in [1.14, 2.02] AND odd_fav in [1.14, 2] AND odd_over15 in [0, 1.49]`, **Casa segna per prima** si verifica nel **62.2%** dei casi (baseline campionato: 50.7%). **Lift 1.23**: la probabilità è 1.2× la media del campionato. Il risultato è **statisticamente significativo** (p=0.0000). Out-of-sample: probabilità **63.5%** su 52 partite. Stabilità mensile elevata: il pattern regge nel tempo."
3,953076b17c90,"Casa segna per prima | odd_spread_1x2 in [3.07, 14.8]",evt_home_first_goal,Casa segna per prima,Squadra Casa,"odd_spread_1x2 in [3.07, 14.8]","[{'feature': 'odd_spread_1x2', 'op': 'between', 'lo': 3.07, 'hi': 14.83, 'val': None, 'eq_val': None}]",['grid'],2017-11-25,2025-11-30,300,0.6166666666666667,193,0.6528497409326425,4.032910675793148e-05,True,"{""2017-11"": null, ""2017-12"": 0.0, ""2018-01"": null, ""2018-02"": 0.5, ""2018-03"": 0.5, ""2018-04"": 0.8333333333333334, ""2018-05"": null, ""2018-06"": null, ""2018-07"": null, ""2018-08"": 1.0, ""2018-09"": 0.0, ""2018-10"": 0.0, ""2018-11"": 0.6666666666666666, ""2018-12"": 0.0, ""2019-01"": null, ""2019-02"": 0.75, ""2019-03"": 0.5, ""2019-04"": 1.0, ""2019-05"": null, ""2019-06"": null, ""2019-07"": null, ""2019-08"": 0.3333333333333333, ""2019-09"": 0.5714285714285714, ""2019-10"": 0.25, ""2019-11"": 0.5, ""2019-12"": 1.0, ""2020-01"": null, ""2020-02"": 0.6, ""2020-03"": 0.25, ""2020-04"": null, ""2020-05"": null, ""2020-06"": null, ""2020-07"": null, ""2020-08"": null, ""2020-09"": null, ""2020-10"": null, ""2020-11"": 0.0, ""2020-12"": 0.75, ""2021-01"": 0.5, ""2021-02"": null, ""2021-03"": 1.0, ""2021-04"": 0.75, ""2021-05"": 0.5, ""2021-06"": 0.8571428571428571, ""2021-07"": 0.42857142857142855, ""2021-08"": 0.7142857142857143, ""2021-09"": 0.5, ""2021-10"": 0.8888888888888888, ""2021-11"": 0.6, ""2021-12"": null, ""2022-01"": null, ""2022-02"": 0.3333333333333333, ""2022-03"": 1.0, ""2022-04"": 0.3333333333333333, ""2022-05"": 0.7777777777777778, ""2022-06"": 0.6666666666666666, ""2022-07"": 0.5, ""2022-08"": 0.4, ""2022-09"": 0.65, ""2022-10"": 0.6, ""2022-11"": 0.0, ""2022-12"": null, ""2023-01"": null, ""2023-02"": 0.6, ""2023-03"": null, ""2023-04"": 0.8, ""2023-05"": 0.5, ""2023-06"": 0.6666666666666666, ""2023-07"": 0.5625, ""2023-08"": 0.8571428571428571, ""2023-09"": 0.6666666666666666, ""2023-10"": 0.5555555555555556, ""2023-11"": 1.0, ""2023-12"": null, ""2024-01"": null, ""2024-02"": 0.9, ""2024-03"": 0.375, ""2024-04"": 0.3333333333333333, ""2024-05"": 0.6666666666666666, ""2024-06"": 0.6153846153846154, ""2024-07"": 0.8, ""2024-08"": 0.75, ""2024-09"": 0.7857142857142857, ""2024-10"": 0.5882352941176471, ""2024-11"": 0.6666666666666666, ""2024-12"": null, ""2025-01"": null, ""2025-02"": 0.4166666666666667, ""2025-03"": 0.6666666666666666, ""2025-04"": 0.5333333333333333, ""2025-05"": 0.8571428571428571, ""2025-06"": 0.45454545454545453, ""2025-07"": 0.5294117647058824, ""2025-08"": 0.8181818181818182, ""2025-09"": 0.8571428571428571, ""2025-10"": 1.0, ""2025-11"": 1.0}","[""Home Next Goal"", ""Primo gol Casa"", ""1X""]",493,311,0.6308316430020284,0.5873737867185377,0.6722663078307111,1.8740836974964317e-08,0.5066729103254507,0.9142857142857143,0.9133297434394164,True,0.11542964177007727,0.6308316430020284,1.2450471105645395,0.12415873267657773,1.3363200835689715,249.7897447904472,1.6637814588369115,0.6308316430020284,0.5982758620689655,0.6673427991886409,0.476,81.9,"Su **493** partite che soddisfano `odd_spread_1x2 in [3.07, 14.8]`, **Casa segna per prima** si verifica nel **63.1%** dei casi (baseline campionato: 50.7%). **Lift 1.25**: la probabilità è 1.2× la media del campionato. Il risultato è **statisticamente significativo** (p=0.0000). Out-of-sample: probabilità **65.3%** su 193 partite. Stabilità mensile elevata: il pattern regge nel tempo."
4,3db90bcc9efd,"Casa segna per prima | odd_x in [3.25, 8.01]",evt_home_first_goal,Casa segna per prima,Squadra Casa,"odd_x in [3.25, 8.01]","[{'feature': 'odd_x', 'op': 'between', 'lo': 3.25, 'hi': 8.01, 'val': None, 'eq_val': None}]",['grid'],2017-11-25,2025-11-30,336,0.6071428571428571,99,0.6363636363636364,0.007401165266873833,True,"{""2017-11"": null, ""2017-12"": 1.0, ""2018-01"": null, ""2018-02"": 0.25, ""2018-03"": 0.5, ""2018-04"": 0.8, ""2018-05"": null, ""2018-06"": null, ""2018-07"": null, ""2018-08"": null, ""2018-09"": 0.0, ""2018-10"": 0.0, ""2018-11"": 1.0, ""2018-12"": 0.3333333333333333, ""2019-01"": null, ""2019-02"": null, ""2019-03"": 1.0, ""2019-04"": 0.8571428571428571, ""2019-05"": null, ""2019-06"": null, ""2019-07"": null, ""2019-08"": 0.2857142857142857, ""2019-09"": 0.5, ""2019-10"": 0.2857142857142857, ""2019-11"": 0.5, ""2019-12"": 0.5, ""2020-01"": null, ""2020-02"": 1.0, ""2020-03"": 0.0, ""2020-04"": null, ""2020-05"": null, ""2020-06"": null, ""2020-07"": null, ""2020-08"": null, ""2020-09"": null, ""2020-10"": null, ""2020-11"": 0.0, ""2020-12"": 0.8333333333333334, ""2021-01"": 0.625, ""2021-02"": null, ""2021-03"": 0.3333333333333333, ""2021-04"": 0.625, ""2021-05"": 0.0, ""2021-06"": 0.5, ""2021-07"": 0.3333333333333333, ""2021-08"": 0.8333333333333334, ""2021-09"": 0.5, ""2021-10"": 0.8888888888888888, ""2021-11"": 0.7142857142857143, ""2021-12"": 1.0, ""2022-01"": null, ""2022-02"": 0.6666666666666666, ""2022-03"": 1.0, ""2022-04"": 0.5714285714285714, ""2022-05"": 0.7777777777777778, ""2022-06"": 0.6666666666666666, ""2022-07"": 0.6666666666666666, ""2022-08"": 0.6666666666666666, ""2022-09"": 0.6666666666666666, ""2022-10"": 0.6666666666666666, ""2022-11"": null, ""2022-12"": null, ""2023-01"": null, ""2023-02"": 0.3333333333333333, ""2023-03"": 0.0, ""2023-04"": 0.5714285714285714, ""2023-05"": 0.4166666666666667, ""2023-06"": 0.75, ""2023-07"": 0.5, ""2023-08"": 0.6666666666666666, ""2023-09"": 0.625, ""2023-10"": 0.4444444444444444, ""2023-11"": 0.6666666666666666, ""2023-12"": null, ""2024-01"": null, ""2024-02"": 0.8888888888888888, ""2024-03"": 0.5, ""2024-04"": 0.5, ""2024-05"": 0.7777777777777778, ""2024-06"": 0.6666666666666666, ""2024-07"": 1.0, ""2024-08"": 1.0, ""2024-09"": 0.5, ""2024-10"": 0.5, ""2024-11"": null, ""2024-12"": null, ""2025-01"": null, ""2025-02"": 0.3333333333333333, ""2025-03"": 0.8, ""2025-04"": 0.7142857142857143, ""2025-05"": 0.8, ""2025-06"": 0.3333333333333333, ""2025-07"": 0.3333333333333333, ""2025-08"": 0.6666666666666666, ""2025-09"": 0.875, ""2025-10"": 1.0, ""2025-11"": null}","[""Home Next Goal"", ""Primo gol Casa"", ""1X""]",435,267,0.6137931034482759,0.5672324223646393,0.6583615049202853,4.4809896758355835e-06,0.5066729103254507,0.9104477611940298,0.9197250727886835,True,0.10184968391477406,0.6137931034482759,1.2114188284785519,0.10712019312282517,1.277364785764458,220.40271599157106,1.5474237523105359,0.6137931034482759,0.5768965517241379,0.6528735632183909,0.458,80.2,"Su **435** partite che soddisfano `odd_x in [3.25, 8.01]`, **Casa segna per prima** si verifica nel **61.4%** dei casi (baseline campionato: 50.7%). **Lift 1.21**: la probabilità è 1.2× la media del campionato. Il risultato è **statisticamente significativo** (p=0.0000). Out-of-sample: probabilità **63.6%** su 99 partite. Stabilità mensile elevata: il pattern regge nel tempo."
5,329ba1ea0a03,"Casa segna per prima | odd_fav in [1.14, 2] AND odd_over15 in [0, 1.49]",evt_home_first_goal,Casa segna per prima,Squadra Casa,"odd_fav in [1.14, 2] AND odd_over15 in [0, 1.49]","[{'feature': 'odd_fav', 'op': 'between', 'lo': 1.14, 'hi': 2.0, 'val': None, 'eq_val': None}, {'feature': 'odd_over15', 'op': 'between', 'lo': 0.0, 'hi': 1.49, 'val': None, 'eq_val': None}]",['grid_2'],2017-11-25,2025-11-30,494,0.6093117408906883,54,0.6481481481481481,0.027962193362690832,True,"{""2017-11"": null, ""2017-12"": 0.5, ""2018-01"": null, ""2018-02"": 0.5, ""2018-03"": 0.4166666666666667, ""2018-04"": 0.7368421052631579, ""2018-05"": null, ""2018-06"": null, ""2018-07"": null, ""2018-08"": 0.0, ""2018-09"": 0.0, ""2018-10"": 0.0, ""2018-11"": 1.0, ""2018-12"": 0.3333333333333333, ""2019-01"": null, ""2019-02"": 0.5, ""2019-03"": 0.5, ""2019-04"": 1.0, ""2019-05"": 1.0, ""2019-06"": 1.0, ""2019-07"": null, ""2019-08"": 0.6666666666666666, ""2019-09"": 0.5, ""2019-10"": 0.4, ""2019-11"": 0.4444444444444444, ""2019-12"": 1.0, ""2020-01"": null, ""2020-02"": 0.875, ""2020-03"": 0.16666666666666666, ""2020-04"": null, ""2020-05"": null, ""2020-06"": null, ""2020-07"": null, ""2020-08"": null, ""2020-09"": null, ""2020-10"": null, ""2020-11"": 0.25, ""2020-12"": 0.6363636363636364, ""2021-01"": 0.5, ""2021-02"": null, ""2021-03"": 0.5, ""2021-04"": 0.6, ""2021-05"": 0.8, ""2021-06"": 0.6666666666666666, ""2021-07"": 0.5, ""2021-08"": 0.6923076923076923, ""2021-09"": 0.375, ""2021-10"": 0.9, ""2021-11"": 0.7777777777777778, ""2021-12"": 1.0, ""2022-01"": null, ""2022-02"": 0.375, ""2022-03"": 0.8571428571428571, ""2022-04"": 0.8, ""2022-05"": 0.5625, ""2022-06"": 0.7142857142857143, ""2022-07"": 0.6666666666666666, ""2022-08"": 0.6111111111111112, ""2022-09"": 0.625, ""2022-10"": 0.7777777777777778, ""2022-11"": null, ""2022-12"": null, ""2023-01"": null, ""2023-02"": 0.5, ""2023-03"": 0.75, ""2023-04"": 0.5882352941176471, ""2023-05"": 0.5714285714285714, ""2023-06"": 0.75, ""2023-07"": 0.5714285714285714, ""2023-08"": 0.7692307692307693, ""2023-09"": 0.5925925925925926, ""2023-10"": 0.45, ""2023-11"": 0.5, ""2023-12"": null, ""2024-01"": null, ""2024-02"": 0.8125, ""2024-03"": 0.75, ""2024-04"": 0.3333333333333333, ""2024-05"": 1.0, ""2024-06"": 1.0, ""2024-07"": 0.0, ""2024-08"": 1.0, ""2024-09"": 0.25, ""2024-10"": 0.5555555555555556, ""2024-11"": null, ""2024-12"": null, ""2025-01"": null, ""2025-02"": 0.0, ""2025-03"": null, ""2025-04"": 0.6666666666666666, ""2025-05"": 1.0, ""2025-06"": 0.3333333333333333, ""2025-07"": 0.3333333333333333, ""2025-08"": 1.0, ""2025-09"": 1.0, ""2025-10"": 1.0, ""2025-11"": null}","[""Home Next Goal"", ""Primo gol Casa"", ""1X""]",548,336,0.6131386861313869,0.5717079244528379,0.6529942364571044,3.4387672847511573e-07,0.5066729103254507,0.9285714285714286,0.9273472005763959,True,0.12830718801217514,0.6131386861313869,1.2101272312694795,0.10646577580593619,1.2752039865172313,277.65675485834697,1.5431590695078994,0.6094890510948905,0.5784671532846716,0.6442518248175181,0.428,79.1,"Su **548** partite che soddisfano `odd_fav in [1.14, 2] AND odd_over15 in [0, 1.49]`, **Casa segna per prima** si verifica nel **61.3%** dei casi (baseline campionato: 50.7%). **Lift 1.21**: la probabilità è 1.2× la media del campionato. Il risultato è **statisticamente significativo** (p=0.0000). Out-of-sample: probabilità **64.8%** su 54 partite. Stabilità mensile elevata: il pattern regge nel tempo."
6,c717c52e0e6b,"Casa segna per prima | odd_1 in [1.14, 1.75]",evt_home_first_goal,Casa segna per prima,Squadra Casa,"odd_1 in [1.14, 1.75]","[{'feature': 'odd_1', 'op': 'between', 'lo': 1.14, 'hi': 1.75, 'val': None, 'eq_val': None}]",['grid'],2017-11-25,2025-11-30,313,0.610223642172524,171,0.7192982456140351,1.8415671819211573e-08,True,"{""2017-11"": null, ""2017-12"": 0.3333333333333333, ""2018-01"": null, ""2018-02"": 0.5, ""2018-03"": 0.4, ""2018-04"": 0.8333333333333334, ""2018-05"": null, ""2018-06"": null, ""2018-07"": null, ""2018-08"": null, ""2018-09"": 0.0, ""2018-10"": 0.0, ""2018-11"": 0.5, ""2018-12"": 0.0, ""2019-01"": null, ""2019-02"": 0.5, ""2019-03"": 0.6, ""2019-04"": 1.0, ""2019-05"": null, ""2019-06"": null, ""2019-07"": null, ""2019-08"": 0.3333333333333333, ""2019-09"": 0.5555555555555556, ""2019-10"": 0.16666666666666666, ""2019-11"": 0.5, ""2019-12"": 1.0, ""2020-01"": null, ""2020-02"": 0.6666666666666666, ""2020-03"": 0.25, ""2020-04"": null, ""2020-05"": null, ""2020-06"": null, ""2020-07"": null, ""2020-08"": null, ""2020-09"": null, ""2020-10"": null, ""2020-11"": 0.0, ""2020-12"": 1.0, ""2021-01"": 0.6666666666666666, ""2021-02"": null, ""2021-03"": 1.0, ""2021-04"": 0.75, ""2021-05"": 0.6666666666666666, ""2021-06"": 0.625, ""2021-07"": 0.5, ""2021-08"": 0.7, ""2021-09"": 0.5, ""2021-10"": 0.9, ""2021-11"": 1.0, ""2021-12"": null, ""2022-01"": null, ""2022-02"": 0.5, ""2022-03"": 0.7777777777777778, ""2022-04"": 0.5, ""2022-05"": 0.75, ""2022-06"": 0.75, ""2022-07"": 0.6, ""2022-08"": 0.5, ""2022-09"": 0.6, ""2022-10"": 0.5555555555555556, ""2022-11"": 0.0, ""2022-12"": null, ""2023-01"": null, ""2023-02"": 0.3333333333333333, ""2023-03"": null, ""2023-04"": 0.7777777777777778, ""2023-05"": 0.4, ""2023-06"": 0.75, ""2023-07"": 0.5625, ""2023-08"": 0.8571428571428571, ""2023-09"": 0.5714285714285714, ""2023-10"": 0.5555555555555556, ""2023-11"": null, ""2023-12"": null, ""2024-01"": null, ""2024-02"": 0.8333333333333334, ""2024-03"": 0.5, ""2024-04"": 0.6666666666666666, ""2024-05"": 0.75, ""2024-06"": 0.7, ""2024-07"": 0.8333333333333334, ""2024-08"": 0.7142857142857143, ""2024-09"": 0.7333333333333333, ""2024-10"": 0.5882352941176471, ""2024-11"": 0.6666666666666666, ""2024-12"": null, ""2025-01"": null, ""2025-02"": 0.5, ""2025-03"": 0.6666666666666666, ""2025-04"": 0.75, ""2025-05"": 0.9230769230769231, ""2025-06"": 0.4166666666666667, ""2025-07"": 0.631578947368421, ""2025-08"": 0.8333333333333334, ""2025-09"": 0.9230769230769231, ""2025-10"": 1.0, ""2025-11"": 1.0}","[""Home Next Goal"", ""Primo gol Casa"", ""1X""]",484,314,0.6487603305785123,0.605212243679306,0.6899655353374895,1.9723628578371217e-10,0.5066729103254507,0.9264705882352942,0.8922170622352366,True,0.11332240693046125,0.6487603305785123,1.2804322420983485,0.14208742025306165,1.4045312435440107,245.22968859751813,1.7984070892682396,0.6487603305785123,0.609504132231405,0.6838842975206612,0.468,78.8,"Su **484** partite che soddisfano `odd_1 in [1.14, 1.75]`, **Casa segna per prima** si verifica nel **64.9%** dei casi (baseline campionato: 50.7%). **Lift 1.28**: la probabilità è 1.3× la media del campionato. Il risultato è **statisticamente significativo** (p=0.0000). Out-of-sample: probabilità **71.9%** su 171 partite. Stabilità mensile elevata: il pattern regge nel tempo."
7,3aedfeb7966f,Casa segna per prima | odd_fav < 2.15,evt_home_first_goal,Casa segna per prima,Squadra Casa,odd_fav < 2.15,"[{'feature': 'odd_fav', 'op': 'lt', 'lo': None, 'hi': None, 'val': 2.15, 'eq_val': None}]",['grid_split'],2017-11-25,2025-11-30,1420,0.5612676056338028,672,0.5625,0.0033475816261870285,True,"{""2017-11"": 0.6, ""2017-12"": 0.5, ""2018-01"": null, ""2018-02"": 0.5454545454545454, ""2018-03"": 0.3793103448275862, ""2018-04"": 0.59375, ""2018-05"": null, ""2018-06"": 1.0, ""2018-07"": null, ""2018-08"": 0.4, ""2018-09"": 0.5714285714285714, ""2018-10"": 0.4, ""2018-11"": 0.7222222222222222, ""2018-12"": 0.36363636363636365, ""2019-01"": null, ""2019-02"": 0.5185185185185185, ""2019-03"": 0.7083333333333334, ""2019-04"": 0.7894736842105263, ""2019-05"": 0.4, ""2019-06"": 0.5, ""2019-07"": null, ""2019-08"": 0.45, ""2019-09"": 0.42424242424242425, ""2019-10"": 0.36, ""2019-11"": 0.5135135135135135, ""2019-12"": 0.8, ""2020-01"": null, ""2020-02"": 0.6206896551724138, ""2020-03"": 0.375, ""2020-04"": null, ""2020-05"": null, ""2020-06"": null, ""2020-07"": null, ""2020-08"": null, ""2020-09"": null, ""2020-10"": null, ""2020-11"": 0.2857142857142857, ""2020-12"": 0.6818181818181818, ""2021-01"": 0.44, ""2021-02"": null, ""2021-03"": 0.5263157894736842, ""2021-04"": 0.5384615384615384, ""2021-05"": 0.4444444444444444, ""2021-06"": 0.52, ""2021-07"": 0.37142857142857144, ""2021-08"": 0.5641025641025641, ""2021-09"": 0.5925925925925926, ""2021-10"": 0.6842105263157895, ""2021-11"": 0.6666666666666666, ""2021-12"": 0.5, ""2022-01"": null, ""2022-02"": 0.35, ""2022-03"": 0.631578947368421, ""2022-04"": 0.5675675675675675, ""2022-05"": 0.6, ""2022-06"": 0.7142857142857143, ""2022-07"": 0.5833333333333334, ""2022-08"": 0.6190476190476191, ""2022-09"": 0.6923076923076923, ""2022-10"": 0.5666666666666667, ""2022-11"": 0.3333333333333333, ""2022-12"": null, ""2023-01"": null, ""2023-02"": 0.5333333333333333, ""2023-03"": 0.6551724137931034, ""2023-04"": 0.575, ""2023-05"": 0.6176470588235294, ""2023-06"": 0.6764705882352942, ""2023-07"": 0.5813953488372093, ""2023-08"": 0.5142857142857142, ""2023-09"": 0.6222222222222222, ""2023-10"": 0.42857142857142855, ""2023-11"": 0.4, ""2023-12"": null, ""2024-01"": null, ""2024-02"": 0.7058823529411765, ""2024-03"": 0.38596491228070173, ""2024-04"": 0.5348837209302325, ""2024-05"": 0.6052631578947368, ""2024-06"": 0.4444444444444444, ""2024-07"": 0.6111111111111112, ""2024-08"": 0.475, ""2024-09"": 0.6415094339622641, ""2024-10"": 0.5476190476190477, ""2024-11"": 0.6363636363636364, ""2024-12"": 0.5, ""2025-01"": null, ""2025-02"": 0.3333333333333333, ""2025-03"": 0.6470588235294118, ""2025-04"": 0.5789473684210527, ""2025-05"": 0.725, ""2025-06"": 0.45161290322580644, ""2025-07"": 0.5111111111111111, ""2025-08"": 0.6363636363636364, ""2025-09"": 0.6052631578947368, ""2025-10"": 0.7272727272727273, ""2025-11"": 1.0}","[""Home Next Goal"", ""Primo gol Casa"", ""1X""]",2092,1175,0.5616634799235182,0.5403070097792907,0.5827938963197199,2.6361189757548135e-07,0.5066729103254507,1.0,0.9516955194903775,True,0.4898150316085226,0.5616634799235182,1.1085326814941525,0.054990569598067474,1.125452858886758,1059.9597284008428,1.2476012755569978,0.5616634799235182,0.545387189292543,0.5779397705544933,0.482,78.1,"Su **2092** partite che soddisfano `odd_fav < 2.15`, **Casa segna per prima** si verifica nel **56.2%** dei casi (baseline campionato: 50.7%). **Lift 1.11**: la probabilità è 1.1× la media del campionato. Il risultato è **statisticamente significativo** (p=0.0000). Out-of-sample: probabilità **56.2%** su 672 partite. Stabilità mensile elevata: il pattern regge nel tempo."
8,b8afeb95f8f8,"Almeno 2 gol 2T | odd_over25 in [0, 2.45] AND odd_fav in [1.14, 2]",evt_over2_2h,Almeno 2 gol 2T,Secondo Tempo,"odd_over25 in [0, 2.45] AND odd_fav in [1.14, 2]","[{'feature': 'odd_over25', 'op': 'between', 'lo': 0.0, 'hi': 2.45, 'val': None, 'eq_val': None}, {'feature': 'odd_fav', 'op': 'between', 'lo': 1.14, 'hi': 2.0, 'val': None, 'eq_val': None}]",['grid_2'],2017-11-25,2025-11-30,506,0.3774703557312253,89,0.3707865168539326,0.15166598034132248,True,"{""2017-11"": null, ""2017-12"": 1.0, ""2018-01"": null, ""2018-02"": 0.42857142857142855, ""2018-03"": 0.36363636363636365, ""2018-04"": 0.3076923076923077, ""2018-05"": null, ""2018-06"": null, ""2018-07"": null, ""2018-08"": null, ""2018-09"": 0.0, ""2018-10"": 1.0, ""2018-11"": null, ""2018-12"": 0.3333333333333333, ""2019-01"": null, ""2019-02"": 0.0, ""2019-03"": 0.5, ""2019-04"": 0.5, ""2019-05"": 1.0, ""2019-06"": 1.0, ""2019-07"": null, ""2019-08"": 0.0, ""2019-09"": 0.2857142857142857, ""2019-10"": 0.4, ""2019-11"": 0.3333333333333333, ""2019-12"": 1.0, ""2020-01"": null, ""2020-02"": 0.25, ""2020-03"": 0.5, ""2020-04"": null, ""2020-05"": null, ""2020-06"": null, ""2020-07"": null, ""2020-08"": null, ""2020-09"": null, ""2020-10"": null, ""2020-11"": 0.2, ""2020-12"": 0.5, ""2021-01"": 0.4, ""2021-02"": null, ""2021-03"": 0.16666666666666666, ""2021-04"": 0.5, ""2021-05"": 0.5, ""2021-06"": 0.5, ""2021-07"": 0.5, ""2021-08"": 0.4, ""2021-09"": 0.26666666666666666, ""2021-10"": 0.8181818181818182, ""2021-11"": 0.5454545454545454, ""2021-12"": 1.0, ""2022-01"": null, ""2022-02"": 0.2857142857142857, ""2022-03"": 0.2222222222222222, ""2022-04"": 0.5555555555555556, ""2022-05"": 0.3333333333333333, ""2022-06"": 0.35714285714285715, ""2022-07"": 0.26666666666666666, ""2022-08"": 0.4, ""2022-09"": 0.5714285714285714, ""2022-10"": 0.5, ""2022-11"": null, ""2022-12"": null, ""2023-01"": null, ""2023-02"": 0.375, ""2023-03"": 0.5, ""2023-04"": 0.23809523809523808, ""2023-05"": 0.5, ""2023-06"": 0.17647058823529413, ""2023-07"": 0.5384615384615384, ""2023-08"": 0.125, ""2023-09"": 0.41379310344827586, ""2023-10"": 0.2727272727272727, ""2023-11"": 0.25, ""2023-12"": null, ""2024-01"": null, ""2024-02"": 0.13333333333333333, ""2024-03"": 0.3333333333333333, ""2024-04"": 0.2, ""2024-05"": 0.3333333333333333, ""2024-06"": 0.42857142857142855, ""2024-07"": 0.4, ""2024-08"": 0.0, ""2024-09"": 0.4444444444444444, ""2024-10"": 0.5, ""2024-11"": null, ""2024-12"": null, ""2025-01"": null, ""2025-02"": 0.0, ""2025-03"": null, ""2025-04"": 0.0, ""2025-05"": 0.2, ""2025-06"": 0.5, ""2025-07"": 0.4, ""2025-08"": 1.0, ""2025-09"": 0.5, ""2025-10"": 1.0, ""2025-11"": null}","[""Over 1.5 2T"", ""Over 0.5 2T"", ""Lay Under 1.5 2T""]",595,224,0.3764705882352941,0.33844937347395176,0.4160766981950839,5.9096953603041697e-05,0.3018028564738937,0.9117647058823529,0.9236087886553563,True,0.13931163661905877,0.3764705882352941,1.2474056496143842,0.0746677317614004,1.1197501358437554,179.57269960196675,1.3967826456079746,0.37478991596638656,0.3461344537815126,0.40672268907563025,0.462,77.1,"Su **595** partite che soddisfano `odd_over25 in [0, 2.45] AND odd_fav in [1.14, 2]`, **Almeno 2 gol 2T** si verifica nel **37.6%** dei casi (baseline campionato: 30.2%). **Lift 1.25**: la probabilità è 1.2× la media del campionato. Il risultato è **statisticamente significativo** (p=0.0001). Out-of-sample: probabilità **37.1%** su 89 partite. Stabilità mensile elevata: il pattern regge nel tempo."
9,e6e2f0436247,"Almeno 3 gol 2T | odd_fav in [1.14, 2] AND odd_over25 in [0, 2.45]",evt_over3_2h,Almeno 3 gol 2T,Secondo Tempo,"odd_fav in [1.14, 2] AND odd_over25 in [0, 2.45]","[{'feature': 'odd_fav', 'op': 'between', 'lo': 1.14, 'hi': 2.0, 'val': None, 'eq_val': None}, {'feature': 'odd_over25', 'op': 'between', 'lo': 0.0, 'hi': 2.45, 'val': None, 'eq_val': None}]",['grid_2'],2017-11-25,2025-11-30,506,0.1383399209486166,89,0.1348314606741573,0.21913749260616106,True,"{""2017-11"": null, ""2017-12"": 0.5, ""2018-01"": null, ""2018-02"": 0.2857142857142857, ""2018-03"": 0.0, ""2018-04"": 0.0, ""2018-05"": null, ""2018-06"": null, ""2018-07"": null, ""2018-08"": null, ""2018-09"": 0.0, ""2018-10"": 0.0, ""2018-11"": null, ""2018-12"": 0.0, ""2019-01"": null, ""2019-02"": 0.0, ""2019-03"": 0.16666666666666666, ""2019-04"": 0.25, ""2019-05"": 0.0, ""2019-06"": 0.0, ""2019-07"": null, ""2019-08"": 0.0, ""2019-09"": 0.0, ""2019-10"": 0.2, ""2019-11"": 0.1111111111111111, ""2019-12"": 0.0, ""2020-01"": null, ""2020-02"": 0.0, ""2020-03"": 0.16666666666666666, ""2020-04"": null, ""2020-05"": null, ""2020-06"": null, ""2020-07"": null, ""2020-08"": null, ""2020-09"": null, ""2020-10"": null, ""2020-11"": 0.0, ""2020-12"": 0.3, ""2021-01"": 0.3333333333333333, ""2021-02"": null, ""2021-03"": 0.0, ""2021-04"": 0.3, ""2021-05"": 0.16666666666666666, ""2021-06"": 0.2, ""2021-07"": 0.125, ""2021-08"": 0.0, ""2021-09"": 0.0, ""2021-10"": 0.45454545454545453, ""2021-11"": 0.5454545454545454, ""2021-12"": 0.0, ""2022-01"": null, ""2022-02"": 0.14285714285714285, ""2022-03"": 0.2222222222222222, ""2022-04"": 0.2222222222222222, ""2022-05"": 0.0, ""2022-06"": 0.21428571428571427, ""2022-07"": 0.2, ""2022-08"": 0.2, ""2022-09"": 0.21428571428571427, ""2022-10"": 0.0, ""2022-11"": null, ""2022-12"": null, ""2023-01"": null, ""2023-02"": 0.0, ""2023-03"": 0.0, ""2023-04"": 0.19047619047619047, ""2023-05"": 0.21428571428571427, ""2023-06"": 0.11764705882352941, ""2023-07"": 0.0, ""2023-08"": 0.125, ""2023-09"": 0.10344827586206896, ""2023-10"": 0.13636363636363635, ""2023-11"": 0.0, ""2023-12"": null, ""2024-01"": null, ""2024-02"": 0.0, ""2024-03"": 0.06666666666666667, ""2024-04"": 0.1, ""2024-05"": 0.16666666666666666, ""2024-06"": 0.0, ""2024-07"": 0.2, ""2024-08"": 0.0, ""2024-09"": 0.2222222222222222, ""2024-10"": 0.16666666666666666, ""2024-11"": null, ""2024-12"": null, ""2025-01"": null, ""2025-02"": 0.0, ""2025-03"": null, ""2025-04"": 0.0, ""2025-05"": 0.0, ""2025-06"": 0.25, ""2025-07"": 0.0, ""2025-08"": 1.0, ""2025-09"": 0.5, ""2025-10"": 0.0, ""2025-11"": null}","[""Over 2.5 2T"", ""Over 1.5 2T"", ""Value pre-match se quota implicita < probabilità osservata""]",595,82,0.13781512605042018,0.11243209213875224,0.16784502955753608,0.000321287535330222,0.09388901896511356,0.5441176470588235,0.9444716000576088,True,0.13931163661905877,0.13781512605042018,1.4678513799534776,0.043926107085306615,1.0509474341437766,55.86396628424257,1.542634641466509,0.1361344537815126,0.11260504201680673,0.15966386554621848,0.438,76.6,"Su **595** partite che soddisfano `odd_fav in [1.14, 2] AND odd_over25 in [0, 2.45]`, **Almeno 3 gol 2T** si verifica nel **13.8%** dei casi (baseline campionato: 9.4%). **Lift 1.47**: la probabilità è 1.5× la media del campionato. Il risultato è **statisticamente significativo** (p=0.0003). Out-of-sample: probabilità **13.5%** su 89 partite."
10,4c5aec944704,"Nessun gol 2T | odd_spread_1x2 in [0, 0.88] AND ppg_sum in [0, 2.23] AND odd",evt_no_goal_2h,Nessun gol 2T,Secondo Tempo,"odd_spread_1x2 in [0, 0.88] AND ppg_sum in [0, 2.23] AND odd_dog in [2.63, 3.2]","[{'feature': 'odd_spread_1x2', 'op': 'between', 'lo': 0.0, 'hi': 0.8799999999999999, 'val': None, 'eq_val': None}, {'feature': 'ppg_sum', 'op': 'between', 'lo': 0.0, 'hi': 2.23, 'val': None, 'eq_val': None}, {'feature': 'odd_dog', 'op': 'between', 'lo': 2.63, 'hi': 3.2, 'val': None, 'eq_val': None}]",['grid_3'],2017-11-25,2025-11-30,336,0.39285714285714285,90,0.3888888888888889,0.07535824249265038,True,"{""2017-11"": null, ""2017-12"": 0.5, ""2018-01"": null, ""2018-02"": 0.6666666666666666, ""2018-03"": null, ""2018-04"": 0.25, ""2018-05"": null, ""2018-06"": null, ""2018-07"": null, ""2018-08"": 0.42857142857142855, ""2018-09"": 0.0, ""2018-10"": 0.5, ""2018-11"": 0.25, ""2018-12"": null, ""2019-01"": null, ""2019-02"": 0.3333333333333333, ""2019-03"": 0.6, ""2019-04"": 0.3333333333333333, ""2019-05"": null, ""2019-06"": null, ""2019-07"": null, ""2019-08"": 0.07142857142857142, ""2019-09"": 0.125, ""2019-10"": 0.3333333333333333, ""2019-11"": 0.6666666666666666, ""2019-12"": 0.5, ""2020-01"": null, ""2020-02"": null, ""2020-03"": 0.4, ""2020-04"": null, ""2020-05"": null, ""2020-06"": null, ""2020-07"": null, ""2020-08"": null, ""2020-09"": null, ""2020-10"": null, ""2020-11"": 0.6666666666666666, ""2020-12"": 0.3076923076923077, ""2021-01"": 0.25, ""2021-02"": null, ""2021-03"": 0.2857142857142857, ""2021-04"": 0.375, ""2021-05"": 0.4, ""2021-06"": 0.5, ""2021-07"": 0.6666666666666666, ""2021-08"": 0.8, ""2021-09"": 0.4444444444444444, ""2021-10"": 0.5, ""2021-11"": 0.5, ""2021-12"": null, ""2022-01"": null, ""2022-02"": 0.5625, ""2022-03"": 0.23076923076923078, ""2022-04"": 0.5, ""2022-05"": 0.4, ""2022-06"": 0.5, ""2022-07"": 0.5714285714285714, ""2022-08"": 0.14285714285714285, ""2022-09"": 0.5, ""2022-10"": 0.0, ""2022-11"": null, ""2022-12"": null, ""2023-01"": null, ""2023-02"": 0.45, ""2023-03"": 0.5, ""2023-04"": 0.4, ""2023-05"": 0.42857142857142855, ""2023-06"": 0.25, ""2023-07"": 0.2857142857142857, ""2023-08"": null, ""2023-09"": 0.3333333333333333, ""2023-10"": null, ""2023-11"": null, ""2023-12"": null, ""2024-01"": null, ""2024-02"": 0.47058823529411764, ""2024-03"": 0.36363636363636365, ""2024-04"": 0.16666666666666666, ""2024-05"": 1.0, ""2024-06"": 0.5, ""2024-07"": 0.5, ""2024-08"": 0.0, ""2024-09"": 0.6666666666666666, ""2024-10"": 0.2857142857142857, ""2024-11"": 0.0, ""2024-12"": null, ""2025-01"": null, ""2025-02"": 0.2222222222222222, ""2025-03"": 0.36363636363636365, ""2025-04"": 0.8, ""2025-05"": 0.6666666666666666, ""2025-06"": 0.36363636363636365, ""2025-07"": 0.3333333333333333, ""2025-08"": 0.2, ""2025-09"": 0.5, ""2025-10"": null, ""2025-11"": null}","[""Under 0.5 2T"", ""Lay Over 0.5 2T"", ""0-0 2T"", ""Lay Over / Lay BTTS""]",426,167,0.392018779342723,0.3468206996636166,0.43914696842620987,0.00216601774587762,0.32521657691407163,0.9354838709677419,0.9304603219058712,True,0.09974244907515804,0.392018779342723,1.2054083560639093,0.06680220242865137,1.109875437199249,138.54226176539453,1.3378531261900595,0.39319248826291076,0.3543427230046948,0.4295774647887324,0.5,76.4,"Su **426** partite che soddisfano `odd_spread_1x2 in [0, 0.88] AND ppg_sum in [0, 2.23] AND odd_dog in [2.63, 3.2]`, **Nessun gol 2T** si verifica nel **39.2%** dei casi (baseline campionato: 32.5%). **Lift 1.21**: la probabilità è 1.2× la media del campionato. Il risultato è **statisticamente significativo** (p=0.0022). Out-of-sample: probabilità **38.9%** su 90 partite. Stabilità mensile elevata: il pattern regge nel tempo."
11,9d76f68e13f6,"Almeno 2 gol 2T | odd_1 in [1.14, 2.02] AND odd_over25 in [0, 2.45]",evt_over2_2h,Almeno 2 gol 2T,Secondo Tempo,"odd_1 in [1.14, 2.02] AND odd_over25 in [0, 2.45]","[{'feature': 'odd_1', 'op': 'between', 'lo': 1.14, 'hi': 2.02, 'val': None, 'eq_val': None}, {'feature': 'odd_over25', 'op': 'between', 'lo': 0.0, 'hi': 2.45, 'val': None, 'eq_val': None}]",['grid_2'],2017-11-25,2025-11-30,489,0.37014314928425357,88,0.375,0.13452541312643354,True,"{""2017-11"": null, ""2017-12"": 1.0, ""2018-01"": null, ""2018-02"": 0.42857142857142855, ""2018-03"": 0.36363636363636365, ""2018-04"": 0.3333333333333333, ""2018-05"": null, ""2018-06"": null, ""2018-07"": null, ""2018-08"": null, ""2018-09"": 0.0, ""2018-10"": 1.0, ""2018-11"": null, ""2018-12"": 0.3333333333333333, ""2019-01"": null, ""2019-02"": 0.0, ""2019-03"": 0.5, ""2019-04"": 0.5, ""2019-05"": 1.0, ""2019-06"": 1.0, ""2019-07"": null, ""2019-08"": 0.0, ""2019-09"": 0.2857142857142857, ""2019-10"": 0.4, ""2019-11"": 0.3333333333333333, ""2019-12"": 1.0, ""2020-01"": null, ""2020-02"": 0.25, ""2020-03"": 0.5, ""2020-04"": null, ""2020-05"": null, ""2020-06"": null, ""2020-07"": null, ""2020-08"": null, ""2020-09"": null, ""2020-10"": null, ""2020-11"": 0.2, ""2020-12"": 0.5, ""2021-01"": 0.38461538461538464, ""2021-02"": null, ""2021-03"": 0.2857142857142857, ""2021-04"": 0.45454545454545453, ""2021-05"": 0.4, ""2021-06"": 0.375, ""2021-07"": 0.4666666666666667, ""2021-08"": 0.4, ""2021-09"": 0.2857142857142857, ""2021-10"": 0.8, ""2021-11"": 0.4444444444444444, ""2021-12"": 1.0, ""2022-01"": null, ""2022-02"": 0.3333333333333333, ""2022-03"": 0.3, ""2022-04"": 0.5555555555555556, ""2022-05"": 0.3333333333333333, ""2022-06"": 0.3333333333333333, ""2022-07"": 0.2857142857142857, ""2022-08"": 0.38461538461538464, ""2022-09"": 0.5384615384615384, ""2022-10"": 0.5555555555555556, ""2022-11"": null, ""2022-12"": null, ""2023-01"": null, ""2023-02"": 0.375, ""2023-03"": 0.5, ""2023-04"": 0.23809523809523808, ""2023-05"": 0.46153846153846156, ""2023-06"": 0.1875, ""2023-07"": 0.5384615384615384, ""2023-08"": 0.13333333333333333, ""2023-09"": 0.4, ""2023-10"": 0.2631578947368421, ""2023-11"": 0.2, ""2023-12"": null, ""2024-01"": null, ""2024-02"": 0.13333333333333333, ""2024-03"": 0.35714285714285715, ""2024-04"": 0.18181818181818182, ""2024-05"": 0.3333333333333333, ""2024-06"": 0.42857142857142855, ""2024-07"": 0.4, ""2024-08"": 0.0, ""2024-09"": 0.4444444444444444, ""2024-10"": 0.5, ""2024-11"": null, ""2024-12"": null, ""2025-01"": null, ""2025-02"": 0.0, ""2025-03"": null, ""2025-04"": 0.0, ""2025-05"": 0.2, ""2025-06"": 0.5, ""2025-07"": 0.5, ""2025-08"": 1.0, ""2025-09"": 0.5, ""2025-10"": 1.0, ""2025-11"": null}","[""Over 1.5 2T"", ""Over 0.5 2T"", ""Lay Under 1.5 2T""]",577,214,0.3708838821490468,0.3324449273411134,0.411030746577559,0.00022553777180072475,0.3018028564738937,0.9117647058823529,0.9047434543068168,True,0.13509716693982673,0.3708838821490468,1.228894538912784,0.06908102567515306,1.1098064788279982,174.14024818543666,1.3638351210817534,0.37261698440207974,0.3379549393414211,0.40216637781629105,0.502,76.3,"Su **577** partite che soddisfano `odd_1 in [1.14, 2.02] AND odd_over25 in [0, 2.45]`, **Almeno 2 gol 2T** si verifica nel **37.1%** dei casi (baseline campionato: 30.2%). **Lift 1.23**: la probabilità è 1.2× la media del campionato. Il risultato è **statisticamente significativo** (p=0.0002). Out-of-sample: probabilità **37.5%** su 88 partite. Stabilità mensile elevata: il pattern regge nel tempo."
12,344daab7c3bf,"Gol consecutivi stessa squadra | odd_fav in [1.14, 2] AND odd_over15 in [0, 1.49]",evt_consecutive_same_team,Gol consecutivi stessa squadra,Sequenza gol,"odd_fav in [1.14, 2] AND odd_over15 in [0, 1.49]","[{'feature': 'odd_fav', 'op': 'between', 'lo': 1.14, 'hi': 2.0, 'val': None, 'eq_val': None}, {'feature': 'odd_over15', 'op': 'between', 'lo': 0.0, 'hi': 1.49, 'val': None, 'eq_val': None}]",['grid_2'],2017-11-25,2025-11-30,494,0.47368421052631576,54,0.4444444444444444,0.35744937544586286,True,"{""2017-11"": null, ""2017-12"": 1.0, ""2018-01"": null, ""2018-02"": 0.5, ""2018-03"": 0.25, ""2018-04"": 0.631578947368421, ""2018-05"": null, ""2018-06"": null, ""2018-07"": null, ""2018-08"": 0.0, ""2018-09"": 0.5, ""2018-10"": 1.0, ""2018-11"": 1.0, ""2018-12"": 0.16666666666666666, ""2019-01"": null, ""2019-02"": 0.375, ""2019-03"": 0.3333333333333333, ""2019-04"": 0.8333333333333334, ""2019-05"": 1.0, ""2019-06"": 0.0, ""2019-07"": null, ""2019-08"": 0.6666666666666666, ""2019-09"": 0.5, ""2019-10"": 0.5, ""2019-11"": 0.2222222222222222, ""2019-12"": 1.0, ""2020-01"": null, ""2020-02"": 0.375, ""2020-03"": 0.6666666666666666, ""2020-04"": null, ""2020-05"": null, ""2020-06"": null, ""2020-07"": null, ""2020-08"": null, ""2020-09"": null, ""2020-10"": null, ""2020-11"": 0.5, ""2020-12"": 0.8181818181818182, ""2021-01"": 0.5, ""2021-02"": null, ""2021-03"": 0.0, ""2021-04"": 0.5, ""2021-05"": 0.4, ""2021-06"": 0.6666666666666666, ""2021-07"": 0.3, ""2021-08"": 0.38461538461538464, ""2021-09"": 0.125, ""2021-10"": 0.5, ""2021-11"": 0.4444444444444444, ""2021-12"": 0.0, ""2022-01"": null, ""2022-02"": 0.25, ""2022-03"": 0.7142857142857143, ""2022-04"": 0.7, ""2022-05"": 0.5, ""2022-06"": 0.42857142857142855, ""2022-07"": 0.5833333333333334, ""2022-08"": 0.5555555555555556, ""2022-09"": 0.4375, ""2022-10"": 0.5555555555555556, ""2022-11"": null, ""2022-12"": null, ""2023-01"": null, ""2023-02"": 0.5, ""2023-03"": 0.5, ""2023-04"": 0.5294117647058824, ""2023-05"": 0.42857142857142855, ""2023-06"": 0.25, ""2023-07"": 0.2857142857142857, ""2023-08"": 0.38461538461538464, ""2023-09"": 0.5925925925925926, ""2023-10"": 0.55, ""2023-11"": 0.25, ""2023-12"": null, ""2024-01"": null, ""2024-02"": 0.375, ""2024-03"": 0.5, ""2024-04"": 0.16666666666666666, ""2024-05"": 0.8333333333333334, ""2024-06"": 0.0, ""2024-07"": 0.0, ""2024-08"": 0.0, ""2024-09"": 1.0, ""2024-10"": 0.4444444444444444, ""2024-11"": null, ""2024-12"": null, ""2025-01"": null, ""2025-02"": 0.0, ""2025-03"": null, ""2025-04"": 0.3333333333333333, ""2025-05"": 0.3333333333333333, ""2025-06"": 0.3333333333333333, ""2025-07"": 0.3333333333333333, ""2025-08"": 0.5, ""2025-09"": 0.5, ""2025-10"": 1.0, ""2025-11"": null}","[""Stessa squadra segna di nuovo"", ""Next Goal stessa squadra""]",548,258,0.4708029197080292,0.429359307430622,0.5126530381410057,0.000263056232259391,0.3968625614610162,0.8857142857142857,0.9657290704259033,True,0.12830718801217514,0.4708029197080292,1.1863122537303792,0.073940358247013,1.139721780411597,217.48068368063687,1.3520659139456819,0.4708029197080292,0.43613138686131386,0.5054744525547445,0.466,75.3,"Su **548** partite che soddisfano `odd_fav in [1.14, 2] AND odd_over15 in [0, 1.49]`, **Gol consecutivi stessa squadra** si verifica nel **47.1%** dei casi (baseline campionato: 39.7%). **Lift 1.19**: la probabilità è 1.2× la media del campionato. Il risultato è **statisticamente significativo** (p=0.0003). Out-of-sample: probabilità **44.4%** su 54 partite. Stabilità mensile elevata: il pattern regge nel tempo."
13,916ab0edc1bf,"Casa segna per prima | xg_sum_pre in [2.32, 2.9] AND xg_away_pre in [0.93, 1.2] AND",evt_home_first_goal,Casa segna per prima,Squadra Casa,"xg_sum_pre in [2.32, 2.9] AND xg_away_pre in [0.93, 1.2] AND pre_cards in [4.13, 5.44]","[{'feature': np.str_('xg_sum_pre'), 'op': 'between', 'lo': 2.32, 'hi': 2.9009323153079554, 'val': None, 'eq_val': None}, {'feature': np.str_('xg_away_pre'), 'op': 'between', 'lo': 0.93, 'hi': 1.2, 'val': None, 'eq_val': None}, {'feature': np.str_('pre_cards'), 'op': 'between', 'lo': 4.13, 'hi': 5.441742058436653, 'val': None, 'eq_val': None}]",['random'],2017-11-25,2025-11-30,435,0.5770114942528736,275,0.5236363636363637,0.3419899082685944,True,"{""2017-11"": null, ""2017-12"": null, ""2018-01"": null, ""2018-02"": null, ""2018-03"": null, ""2018-04"": null, ""2018-05"": null, ""2018-06"": null, ""2018-07"": null, ""2018-08"": null, ""2018-09"": 0.0, ""2018-10"": 1.0, ""2018-11"": 0.42857142857142855, ""2018-12"": 0.0, ""2019-01"": null, ""2019-02"": 0.4, ""2019-03"": 0.5294117647058824, ""2019-04"": 0.6153846153846154, ""2019-05"": 1.0, ""2019-06"": null, ""2019-07"": null, ""2019-08"": null, ""2019-09"": 0.8333333333333334, ""2019-10"": 0.5555555555555556, ""2019-11"": 0.625, ""2019-12"": 1.0, ""2020-01"": null, ""2020-02"": 0.6, ""2020-03"": 0.7, ""2020-04"": null, ""2020-05"": null, ""2020-06"": null, ""2020-07"": null, ""2020-08"": null, ""2020-09"": null, ""2020-10"": null, ""2020-11"": null, ""2020-12"": 0.0, ""2021-01"": 0.42857142857142855, ""2021-02"": null, ""2021-03"": 1.0, ""2021-04"": 0.0, ""2021-05"": 0.0, ""2021-06"": 0.5555555555555556, ""2021-07"": 0.46153846153846156, ""2021-08"": 0.7692307692307693, ""2021-09"": 0.5, ""2021-10"": 0.6, ""2021-11"": 0.6666666666666666, ""2021-12"": null, ""2022-01"": null, ""2022-02"": null, ""2022-03"": 0.8, ""2022-04"": 0.5714285714285714, ""2022-05"": 0.4375, ""2022-06"": 0.625, ""2022-07"": 0.45454545454545453, ""2022-08"": 0.5769230769230769, ""2022-09"": 0.5882352941176471, ""2022-10"": 0.45454545454545453, ""2022-11"": 1.0, ""2022-12"": null, ""2023-01"": null, ""2023-02"": null, ""2023-03"": 1.0, ""2023-04"": 0.45454545454545453, ""2023-05"": 0.8, ""2023-06"": 0.7, ""2023-07"": 0.5625, ""2023-08"": 0.5625, ""2023-09"": 0.6521739130434783, ""2023-10"": 0.6363636363636364, ""2023-11"": null, ""2023-12"": null, ""2024-01"": null, ""2024-02"": 1.0, ""2024-03"": 0.75, ""2024-04"": 0.6666666666666666, ""2024-05"": 0.65, ""2024-06"": 0.631578947368421, ""2024-07"": 0.5263157894736842, ""2024-08"": 0.3333333333333333, ""2024-09"": 0.5666666666666667, ""2024-10"": 0.3888888888888889, ""2024-11"": 0.5, ""2024-12"": 1.0, ""2025-01"": null, ""2025-02"": null, ""2025-03"": 0.6, ""2025-04"": 0.625, ""2025-05"": 0.4117647058823529, ""2025-06"": 0.35, ""2025-07"": 0.43478260869565216, ""2025-08"": 0.7142857142857143, ""2025-09"": 0.48148148148148145, ""2025-10"": 0.5555555555555556, ""2025-11"": null}","[""Home Next Goal"", ""Primo gol Casa"", ""1X""]",710,395,0.5563380281690141,0.5195875162384233,0.59248216420609,0.004498073864899387,0.5066729103254507,0.9180327868852459,0.913814162578859,True,0.1662374151252634,0.5563380281690141,1.0980220509749812,0.04966511784356342,1.1119435989489843,359.73776633107,1.2209385910864654,0.5563380281690141,0.528169014084507,0.5859154929577465,0.488,73.6,"Su **710** partite che soddisfano `xg_sum_pre in [2.32, 2.9] AND xg_away_pre in [0.93, 1.2] AND pre_cards in [4.13, 5.44]`, **Casa segna per prima** si verifica nel **55.6%** dei casi (baseline campionato: 50.7%). **Lift 1.10**: la probabilità è 1.1× la media del campionato. Il risultato è **statisticamente significativo** (p=0.0045). Out-of-sample: probabilità **52.4%** su 275 partite. Stabilità mensile elevata: il pattern regge nel tempo."
14,80c9f5bb3c7b,"Entrambe segnano 2T | odd_fav in [1.14, 2] AND odd_over25 in [0, 2.45]",evt_btts_2h,Entrambe segnano 2T,Secondo Tempo,"odd_fav in [1.14, 2] AND odd_over25 in [0, 2.45]","[{'feature': 'odd_fav', 'op': 'between', 'lo': 1.14, 'hi': 2.0, 'val': None, 'eq_val': None}, {'feature': 'odd_over25', 'op': 'between', 'lo': 0.0, 'hi': 2.45, 'val': None, 'eq_val': None}]",['grid_2'],2017-11-25,2025-11-30,506,0.2391304347826087,89,0.20224719101123595,0.40089974408633294,True,"{""2017-11"": null, ""2017-12"": 0.5, ""2018-01"": null, ""2018-02"": 0.14285714285714285, ""2018-03"": 0.2727272727272727, ""2018-04"": 0.07692307692307693, ""2018-05"": null, ""2018-06"": null, ""2018-07"": null, ""2018-08"": null, ""2018-09"": 0.0, ""2018-10"": 0.0, ""2018-11"": null, ""2018-12"": 0.3333333333333333, ""2019-01"": null, ""2019-02"": 0.0, ""2019-03"": 0.5, ""2019-04"": 0.5, ""2019-05"": 1.0, ""2019-06"": 1.0, ""2019-07"": null, ""2019-08"": 0.0, ""2019-09"": 0.14285714285714285, ""2019-10"": 0.3, ""2019-11"": 0.3333333333333333, ""2019-12"": 0.0, ""2020-01"": null, ""2020-02"": 0.25, ""2020-03"": 0.16666666666666666, ""2020-04"": null, ""2020-05"": null, ""2020-06"": null, ""2020-07"": null, ""2020-08"": null, ""2020-09"": null, ""2020-10"": null, ""2020-11"": 0.0, ""2020-12"": 0.4, ""2021-01"": 0.3333333333333333, ""2021-02"": null, ""2021-03"": 0.16666666666666666, ""2021-04"": 0.3, ""2021-05"": 0.5, ""2021-06"": 0.4, ""2021-07"": 0.25, ""2021-08"": 0.15, ""2021-09"": 0.0, ""2021-10"": 0.5454545454545454, ""2021-11"": 0.45454545454545453, ""2021-12"": 1.0, ""2022-01"": null, ""2022-02"": 0.2857142857142857, ""2022-03"": 0.2222222222222222, ""2022-04"": 0.4444444444444444, ""2022-05"": 0.16666666666666666, ""2022-06"": 0.21428571428571427, ""2022-07"": 0.13333333333333333, ""2022-08"": 0.26666666666666666, ""2022-09"": 0.35714285714285715, ""2022-10"": 0.0, ""2022-11"": null, ""2022-12"": null, ""2023-01"": null, ""2023-02"": 0.25, ""2023-03"": 0.25, ""2023-04"": 0.19047619047619047, ""2023-05"": 0.42857142857142855, ""2023-06"": 0.11764705882352941, ""2023-07"": 0.3076923076923077, ""2023-08"": 0.125, ""2023-09"": 0.1724137931034483, ""2023-10"": 0.18181818181818182, ""2023-11"": 0.25, ""2023-12"": null, ""2024-01"": null, ""2024-02"": 0.13333333333333333, ""2024-03"": 0.26666666666666666, ""2024-04"": 0.1, ""2024-05"": 0.0, ""2024-06"": 0.42857142857142855, ""2024-07"": 0.2, ""2024-08"": 0.0, ""2024-09"": 0.2222222222222222, ""2024-10"": 0.25, ""2024-11"": null, ""2024-12"": null, ""2025-01"": null, ""2025-02"": 0.0, ""2025-03"": null, ""2025-04"": 0.0, ""2025-05"": 0.0, ""2025-06"": 0.25, ""2025-07"": 0.4, ""2025-08"": 1.0, ""2025-09"": 0.5, ""2025-10"": 0.0, ""2025-11"": null}","[""BTTS 2T"", ""Entrambe segnano 2T""]",595,139,0.23361344537815126,0.20138916426150044,0.2692554936914541,0.0001888845305581694,0.1753687660969328,0.7941176470588235,0.8963121885355175,True,0.13931163661905877,0.23361344537815126,1.3321268694393644,0.05824467928121846,1.0759990880972041,104.34441582767502,1.4333672967465392,0.2319327731092437,0.20336134453781513,0.26218487394957984,0.444,72.9,"Su **595** partite che soddisfano `odd_fav in [1.14, 2] AND odd_over25 in [0, 2.45]`, **Entrambe segnano 2T** si verifica nel **23.4%** dei casi (baseline campionato: 17.5%). **Lift 1.33**: la probabilità è 1.3× la media del campionato. Il risultato è **statisticamente significativo** (p=0.0002). Out-of-sample: probabilità **20.2%** su 89 partite. Stabilità mensile elevata: il pattern regge nel tempo."
15,678052b66ed1,Almeno 2 gol 2T | odd_over25 < 2.55,evt_over2_2h,Almeno 2 gol 2T,Secondo Tempo,odd_over25 < 2.55,"[{'feature': 'odd_over25', 'op': 'lt', 'lo': None, 'hi': None, 'val': 2.55, 'eq_val': None}]",['grid_split'],2017-11-25,2025-11-30,1428,0.35224089635854344,185,0.33513513513513515,0.2971439845213673,True,"{""2017-11"": 0.0, ""2017-12"": 0.5, ""2018-01"": null, ""2018-02"": 0.3333333333333333, ""2018-03"": 0.3181818181818182, ""2018-04"": 0.3333333333333333, ""2018-05"": 1.0, ""2018-06"": null, ""2018-07"": null, ""2018-08"": 0.25, ""2018-09"": 0.5, ""2018-10"": 0.5, ""2018-11"": null, ""2018-12"": 0.5, ""2019-01"": null, ""2019-02"": 0.4375, ""2019-03"": 0.4166666666666667, ""2019-04"": 0.375, ""2019-05"": 0.5, ""2019-06"": 0.5, ""2019-07"": null, ""2019-08"": 0.2, ""2019-09"": 0.39285714285714285, ""2019-10"": 0.2631578947368421, ""2019-11"": 0.34782608695652173, ""2019-12"": 1.0, ""2020-01"": null, ""2020-02"": 0.3684210526315789, ""2020-03"": 0.4, ""2020-04"": null, ""2020-05"": null, ""2020-06"": null, ""2020-07"": null, ""2020-08"": null, ""2020-09"": null, ""2020-10"": null, ""2020-11"": 0.3333333333333333, ""2020-12"": 0.42424242424242425, ""2021-01"": 0.36585365853658536, ""2021-02"": 0.0, ""2021-03"": 0.3, ""2021-04"": 0.43333333333333335, ""2021-05"": 0.37037037037037035, ""2021-06"": 0.3793103448275862, ""2021-07"": 0.40425531914893614, ""2021-08"": 0.35294117647058826, ""2021-09"": 0.2653061224489796, ""2021-10"": 0.5945945945945946, ""2021-11"": 0.42424242424242425, ""2021-12"": 0.5, ""2022-01"": null, ""2022-02"": 0.1875, ""2022-03"": 0.34285714285714286, ""2022-04"": 0.3548387096774194, ""2022-05"": 0.3888888888888889, ""2022-06"": 0.37209302325581395, ""2022-07"": 0.23214285714285715, ""2022-08"": 0.35135135135135137, ""2022-09"": 0.36363636363636365, ""2022-10"": 0.42105263157894735, ""2022-11"": null, ""2022-12"": null, ""2023-01"": null, ""2023-02"": 0.36363636363636365, ""2023-03"": 0.4, ""2023-04"": 0.3382352941176471, ""2023-05"": 0.42857142857142855, ""2023-06"": 0.25, ""2023-07"": 0.3333333333333333, ""2023-08"": 0.21052631578947367, ""2023-09"": 0.375, ""2023-10"": 0.2926829268292683, ""2023-11"": 0.3333333333333333, ""2023-12"": 0.0, ""2024-01"": null, ""2024-02"": 0.14814814814814814, ""2024-03"": 0.2631578947368421, ""2024-04"": 0.30303030303030304, ""2024-05"": 0.34782608695652173, ""2024-06"": 0.35714285714285715, ""2024-07"": 0.5, ""2024-08"": 0.4, ""2024-09"": 0.26666666666666666, ""2024-10"": 0.4117647058823529, ""2024-11"": null, ""2024-12"": null, ""2025-01"": null, ""2025-02"": 0.3333333333333333, ""2025-03"": 0.25, ""2025-04"": 0.0, ""2025-05"": 0.14285714285714285, ""2025-06"": 0.5, ""2025-07"": 0.5, ""2025-08"": 0.25, ""2025-09"": 0.6666666666666666, ""2025-10"": 0.5, ""2025-11"": null}","[""Over 1.5 2T"", ""Over 0.5 2T"", ""Lay Under 1.5 2T""]",1613,565,0.3502789832610043,0.3273782570390837,0.37389118085761563,1.593656460944444e-05,0.3018028564738937,0.9459459459459459,0.9478739175700724,True,0.37766331070007025,0.3502789832610043,1.1606218289431725,0.04847612678711061,1.074610679873673,486.8080074923906,1.2472166126768487,0.34965902045877245,0.3285492870427774,0.3688778673279603,0.48,72.7,"Su **1613** partite che soddisfano `odd_over25 < 2.55`, **Almeno 2 gol 2T** si verifica nel **35.0%** dei casi (baseline campionato: 30.2%). **Lift 1.16**: la probabilità è 1.2× la media del campionato. Il risultato è **statisticamente significativo** (p=0.0000). Out-of-sample: probabilità **33.5%** su 185 partite. Stabilità mensile elevata: il pattern regge nel tempo."
16,89e6efa7ef6e,"Nessun gol 2T | odd_x in [2.4, 2.85] AND odd_over15 in [1.53, 4.62]",evt_no_goal_2h,Nessun gol 2T,Secondo Tempo,"odd_x in [2.4, 2.85] AND odd_over15 in [1.53, 4.62]","[{'feature': 'odd_x', 'op': 'between', 'lo': 2.4, 'hi': 2.85, 'val': None, 'eq_val': None}, {'feature': 'odd_over15', 'op': 'between', 'lo': 1.53, 'hi': 4.62, 'val': None, 'eq_val': None}]",['grid_2'],2017-11-25,2025-11-30,761,0.35348226018396844,627,0.4019138755980861,1.3681229281977553e-06,True,"{""2017-11"": 0.0, ""2017-12"": 1.0, ""2018-01"": null, ""2018-02"": 0.16666666666666666, ""2018-03"": 0.14285714285714285, ""2018-04"": 0.4, ""2018-05"": 0.6666666666666666, ""2018-06"": null, ""2018-07"": null, ""2018-08"": 0.42857142857142855, ""2018-09"": 0.25, ""2018-10"": 0.36363636363636365, ""2018-11"": 0.4444444444444444, ""2018-12"": 0.0, ""2019-01"": null, ""2019-02"": 0.2222222222222222, ""2019-03"": 0.36, ""2019-04"": 0.38095238095238093, ""2019-05"": 0.4, ""2019-06"": null, ""2019-07"": null, ""2019-08"": 0.0, ""2019-09"": 0.45454545454545453, ""2019-10"": 0.375, ""2019-11"": 0.1111111111111111, ""2019-12"": 0.3333333333333333, ""2020-01"": null, ""2020-02"": 0.625, ""2020-03"": 0.29411764705882354, ""2020-04"": null, ""2020-05"": null, ""2020-06"": null, ""2020-07"": null, ""2020-08"": null, ""2020-09"": null, ""2020-10"": null, ""2020-11"": 0.3333333333333333, ""2020-12"": 0.2727272727272727, ""2021-01"": 0.25, ""2021-02"": 1.0, ""2021-03"": 0.35714285714285715, ""2021-04"": 0.47619047619047616, ""2021-05"": 0.3333333333333333, ""2021-06"": 0.2692307692307692, ""2021-07"": 0.2962962962962963, ""2021-08"": 0.4878048780487805, ""2021-09"": 0.29411764705882354, ""2021-10"": 0.3333333333333333, ""2021-11"": 0.5, ""2021-12"": null, ""2022-01"": null, ""2022-02"": 0.391304347826087, ""2022-03"": 0.38095238095238093, ""2022-04"": 0.30434782608695654, ""2022-05"": 0.4782608695652174, ""2022-06"": 0.4, ""2022-07"": 0.4, ""2022-08"": 0.16666666666666666, ""2022-09"": 0.3333333333333333, ""2022-10"": 0.75, ""2022-11"": 1.0, ""2022-12"": null, ""2023-01"": null, ""2023-02"": 0.4666666666666667, ""2023-03"": 0.47368421052631576, ""2023-04"": 0.09090909090909091, ""2023-05"": 0.4, ""2023-06"": 0.2, ""2023-07"": 0.2777777777777778, ""2023-08"": 0.45454545454545453, ""2023-09"": 0.125, ""2023-10"": 0.0, ""2023-11"": null, ""2023-12"": null, ""2024-01"": null, ""2024-02"": 0.2857142857142857, ""2024-03"": 0.25, ""2024-04"": 0.30434782608695654, ""2024-05"": 0.38461538461538464, ""2024-06"": 0.5483870967741935, ""2024-07"": 0.45652173913043476, ""2024-08"": 0.3488372093023256, ""2024-09"": 0.5, ""2024-10"": 0.47058823529411764, ""2024-11"": 0.125, ""2024-12"": 1.0, ""2025-01"": null, ""2025-02"": 0.3125, ""2025-03"": 0.34782608695652173, ""2025-04"": 0.4, ""2025-05"": 0.37142857142857144, ""2025-06"": 0.3333333333333333, ""2025-07"": 0.47619047619047616, ""2025-08"": 0.4117647058823529, ""2025-09"": 0.5306122448979592, ""2025-10"": 0.29411764705882354, ""2025-11"": 0.2857142857142857}","[""Under 0.5 2T"", ""Lay Over 0.5 2T"", ""0-0 2T"", ""Lay Over / Lay BTTS""]",1388,521,0.3753602305475504,0.3502629164835657,0.4011455771266267,4.518658402981807e-05,0.32521657691407163,0.9466666666666667,0.9547659315310391,True,0.3249824397096699,0.3753602305475504,1.154185417327997,0.05014365363347878,1.0802761144674378,451.4006087567314,1.2468389380060667,0.3760806916426513,0.35371037463976945,0.3976945244956772,0.502,72.0,"Su **1388** partite che soddisfano `odd_x in [2.4, 2.85] AND odd_over15 in [1.53, 4.62]`, **Nessun gol 2T** si verifica nel **37.5%** dei casi (baseline campionato: 32.5%). **Lift 1.15**: la probabilità è 1.2× la media del campionato. Il risultato è **statisticamente significativo** (p=0.0000). Out-of-sample: probabilità **40.2%** su 627 partite. Stabilità mensile elevata: il pattern regge nel tempo."
17,ff149dbd6450,"Nessun gol 2T | odd_over15 in [1.53, 4.62] AND odd_spread_1x2 in [0, 0.88]",evt_no_goal_2h,Nessun gol 2T,Secondo Tempo,"odd_over15 in [1.53, 4.62] AND odd_spread_1x2 in [0, 0.88]","[{'feature': 'odd_over15', 'op': 'between', 'lo': 1.53, 'hi': 4.62, 'val': None, 'eq_val': None}, {'feature': 'odd_spread_1x2', 'op': 'between', 'lo': 0.0, 'hi': 0.8799999999999999, 'val': None, 'eq_val': None}]",['grid_2'],2017-11-25,2025-11-30,526,0.3612167300380228,287,0.40418118466898956,0.0006342537666023203,True,"{""2017-11"": null, ""2017-12"": 1.0, ""2018-01"": null, ""2018-02"": 0.2857142857142857, ""2018-03"": 0.2, ""2018-04"": 0.4, ""2018-05"": 1.0, ""2018-06"": null, ""2018-07"": null, ""2018-08"": 0.6666666666666666, ""2018-09"": 0.0, ""2018-10"": 0.5, ""2018-11"": 0.2, ""2018-12"": 0.0, ""2019-01"": null, ""2019-02"": 0.2, ""2019-03"": 0.38461538461538464, ""2019-04"": 0.4375, ""2019-05"": 0.5, ""2019-06"": null, ""2019-07"": null, ""2019-08"": 0.1111111111111111, ""2019-09"": 0.2, ""2019-10"": 0.5, ""2019-11"": 0.3076923076923077, ""2019-12"": 0.2857142857142857, ""2020-01"": null, ""2020-02"": 0.4, ""2020-03"": 0.3333333333333333, ""2020-04"": null, ""2020-05"": null, ""2020-06"": null, ""2020-07"": null, ""2020-08"": null, ""2020-09"": null, ""2020-10"": null, ""2020-11"": 0.3333333333333333, ""2020-12"": 0.4166666666666667, ""2021-01"": 0.5, ""2021-02"": null, ""2021-03"": 0.3684210526315789, ""2021-04"": 0.47058823529411764, ""2021-05"": 0.5, ""2021-06"": 0.4, ""2021-07"": 0.3333333333333333, ""2021-08"": 0.5263157894736842, ""2021-09"": 0.3125, ""2021-10"": 0.2727272727272727, ""2021-11"": 0.6666666666666666, ""2021-12"": 0.0, ""2022-01"": null, ""2022-02"": 0.36363636363636365, ""2022-03"": 0.375, ""2022-04"": 0.15384615384615385, ""2022-05"": 0.42857142857142855, ""2022-06"": 0.5, ""2022-07"": 0.5, ""2022-08"": 0.10526315789473684, ""2022-09"": 0.45454545454545453, ""2022-10"": 0.5, ""2022-11"": 1.0, ""2022-12"": null, ""2023-01"": null, ""2023-02"": 0.38461538461538464, ""2023-03"": 0.5882352941176471, ""2023-04"": 0.13333333333333333, ""2023-05"": 0.25, ""2023-06"": 0.18181818181818182, ""2023-07"": 0.42857142857142855, ""2023-08"": 0.5, ""2023-09"": 0.2727272727272727, ""2023-10"": 0.0, ""2023-11"": null, ""2023-12"": null, ""2024-01"": null, ""2024-02"": 0.4375, ""2024-03"": 0.21428571428571427, ""2024-04"": 0.35294117647058826, ""2024-05"": 0.3333333333333333, ""2024-06"": 0.5294117647058824, ""2024-07"": 0.5263157894736842, ""2024-08"": 0.3333333333333333, ""2024-09"": 0.5714285714285714, ""2024-10"": 0.45, ""2024-11"": 0.0, ""2024-12"": null, ""2025-01"": null, ""2025-02"": 0.2727272727272727, ""2025-03"": 0.25, ""2025-04"": 0.4, ""2025-05"": 0.4, ""2025-06"": 0.4, ""2025-07"": 0.23076923076923078, ""2025-08"": 0.43478260869565216, ""2025-09"": 0.5454545454545454, ""2025-10"": 0.25, ""2025-11"": 1.0}","[""Under 0.5 2T"", ""Lay Over 0.5 2T"", ""0-0 2T"", ""Lay Over / Lay BTTS""]",813,306,0.3763837638376384,0.3437353267454239,0.41019493341762375,0.0011683468931649105,0.32521657691407163,0.9315068493150684,0.9584819773483461,True,0.1903535471786467,0.3763837638376384,1.1573326532401393,0.051167186923566754,1.0820491577295066,264.40107703114023,1.2522908226513476,0.3763837638376384,0.34809348093480935,0.4095940959409594,0.482,71.9,"Su **813** partite che soddisfano `odd_over15 in [1.53, 4.62] AND odd_spread_1x2 in [0, 0.88]`, **Nessun gol 2T** si verifica nel **37.6%** dei casi (baseline campionato: 32.5%). **Lift 1.16**: la probabilità è 1.2× la media del campionato. Il risultato è **statisticamente significativo** (p=0.0012). Out-of-sample: probabilità **40.4%** su 287 partite. Stabilità mensile elevata: il pattern regge nel tempo."
18,ff17bc46943b,"Primo gol dopo 60' | odd_btts_no in [0, 1.57] AND xg_away_pre in [0, 0.99] AND xg",evt_fg_after_60,Primo gol dopo 60',Timing,"odd_btts_no in [0, 1.57] AND xg_away_pre in [0, 0.99] AND xg_sum_pre in [0, 2.26]","[{'feature': 'odd_btts_no', 'op': 'between', 'lo': 0.0, 'hi': 1.57, 'val': None, 'eq_val': None}, {'feature': 'xg_away_pre', 'op': 'between', 'lo': 0.0, 'hi': 0.99, 'val': None, 'eq_val': None}, {'feature': 'xg_sum_pre', 'op': 'between', 'lo': 0.0, 'hi': 2.26, 'val': None, 'eq_val': None}]",['grid_3'],2017-11-25,2025-11-30,333,0.21921921921921922,145,0.19310344827586207,0.13984096777292754,True,"{""2017-11"": 0.0, ""2017-12"": 0.0, ""2018-01"": null, ""2018-02"": 0.25, ""2018-03"": 0.3333333333333333, ""2018-04"": 0.13636363636363635, ""2018-05"": null, ""2018-06"": null, ""2018-07"": null, ""2018-08"": 0.25, ""2018-09"": 0.17647058823529413, ""2018-10"": 0.36363636363636365, ""2018-11"": 1.0, ""2018-12"": 0.0, ""2019-01"": null, ""2019-02"": 0.0, ""2019-03"": 0.5, ""2019-04"": null, ""2019-05"": null, ""2019-06"": null, ""2019-07"": null, ""2019-08"": 0.17391304347826086, ""2019-09"": 0.25, ""2019-10"": 1.0, ""2019-11"": 0.0, ""2019-12"": null, ""2020-01"": null, ""2020-02"": 0.0, ""2020-03"": 0.0, ""2020-04"": null, ""2020-05"": null, ""2020-06"": null, ""2020-07"": null, ""2020-08"": null, ""2020-09"": null, ""2020-10"": null, ""2020-11"": 0.1111111111111111, ""2020-12"": 0.23076923076923078, ""2021-01"": null, ""2021-02"": null, ""2021-03"": 0.3, ""2021-04"": 0.0, ""2021-05"": 0.0, ""2021-06"": 0.0, ""2021-07"": 0.0, ""2021-08"": 0.0, ""2021-09"": 0.5, ""2021-10"": 0.3333333333333333, ""2021-11"": 0.5, ""2021-12"": null, ""2022-01"": null, ""2022-02"": 0.2222222222222222, ""2022-03"": 0.375, ""2022-04"": 0.3333333333333333, ""2022-05"": 0.3333333333333333, ""2022-06"": 0.25, ""2022-07"": 0.0, ""2022-08"": 0.0, ""2022-09"": 1.0, ""2022-10"": 0.5, ""2022-11"": null, ""2022-12"": null, ""2023-01"": null, ""2023-02"": 0.16666666666666666, ""2023-03"": 0.0, ""2023-04"": 0.5, ""2023-05"": 0.0, ""2023-06"": 0.5, ""2023-07"": 0.2857142857142857, ""2023-08"": 0.14285714285714285, ""2023-09"": 0.5, ""2023-10"": 0.0, ""2023-11"": null, ""2023-12"": null, ""2024-01"": null, ""2024-02"": 0.38095238095238093, ""2024-03"": 0.0, ""2024-04"": 0.25, ""2024-05"": 0.0, ""2024-06"": 0.1111111111111111, ""2024-07"": 0.2, ""2024-08"": 0.3333333333333333, ""2024-09"": 0.26666666666666666, ""2024-10"": 0.2777777777777778, ""2024-11"": null, ""2024-12"": null, ""2025-01"": null, ""2025-02"": 0.19047619047619047, ""2025-03"": 0.10526315789473684, ""2025-04"": 0.14285714285714285, ""2025-05"": 0.3333333333333333, ""2025-06"": 0.0, ""2025-07"": null, ""2025-08"": 0.0, ""2025-09"": 0.0, ""2025-10"": null, ""2025-11"": null}","[""Primo gol dopo 60'"", ""Late Goal""]",478,101,0.2112970711297071,0.17707539648997406,0.2501222551864275,0.003163285792494306,0.1627253570592367,0.6507936507936508,0.9195527287670936,True,0.11191758370405057,0.2112970711297071,1.298488907618675,0.048571714070470395,1.0615842952935937,77.78272067431514,1.3784554319409195,0.2112970711297071,0.18410041841004185,0.24267782426778242,0.488,71.4,"Su **478** partite che soddisfano `odd_btts_no in [0, 1.57] AND xg_away_pre in [0, 0.99] AND xg_sum_pre in [0, 2.26]`, **Primo gol dopo 60'** si verifica nel **21.1%** dei casi (baseline campionato: 16.3%). **Lift 1.30**: la probabilità è 1.3× la media del campionato. Il risultato è **statisticamente significativo** (p=0.0032). Out-of-sample: probabilità **19.3%** su 145 partite. Stabilità mensile elevata: il pattern regge nel tempo."
19,3dccb8747e8a,Ospite segna per prima | odd_fav > 2.15,evt_away_first_goal,Ospite segna per prima,Squadra Ospite,odd_fav > 2.15,"[{'feature': 'odd_fav', 'op': 'gt', 'lo': None, 'hi': None, 'val': 2.15, 'eq_val': None}]",['grid_split'],2017-11-25,2025-11-30,1471,0.39428959891230453,569,0.36203866432337434,0.35845360808274757,True,"{""2017-11"": 0.0, ""2017-12"": 0.25, ""2018-01"": null, ""2018-02"": 0.4444444444444444, ""2018-03"": 0.2857142857142857, ""2018-04"": 0.36363636363636365, ""2018-05"": 0.5, ""2018-06"": null, ""2018-07"": null, ""2018-08"": 0.5833333333333334, ""2018-09"": 0.6428571428571429, ""2018-10"": 0.45, ""2018-11"": 0.30434782608695654, ""2018-12"": 0.2222222222222222, ""2019-01"": null, ""2019-02"": 0.6111111111111112, ""2019-03"": 0.2903225806451613, ""2019-04"": 0.4, ""2019-05"": 0.8571428571428571, ""2019-06"": null, ""2019-07"": null, ""2019-08"": 0.5333333333333333, ""2019-09"": 0.4117647058823529, ""2019-10"": 0.2692307692307692, ""2019-11"": 0.35714285714285715, ""2019-12"": 0.3333333333333333, ""2020-01"": null, ""2020-02"": 0.4, ""2020-03"": 0.3333333333333333, ""2020-04"": null, ""2020-05"": null, ""2020-06"": null, ""2020-07"": null, ""2020-08"": null, ""2020-09"": null, ""2020-10"": null, ""2020-11"": 0.0, ""2020-12"": 0.5641025641025641, ""2021-01"": 0.4782608695652174, ""2021-02"": 1.0, ""2021-03"": 0.5, ""2021-04"": 0.3333333333333333, ""2021-05"": 0.4827586206896552, ""2021-06"": 0.3235294117647059, ""2021-07"": 0.4594594594594595, ""2021-08"": 0.3333333333333333, ""2021-09"": 0.3333333333333333, ""2021-10"": 0.41025641025641024, ""2021-11"": 0.48148148148148145, ""2021-12"": 0.0, ""2022-01"": null, ""2022-02"": 0.5172413793103449, ""2022-03"": 0.3137254901960784, ""2022-04"": 0.4772727272727273, ""2022-05"": 0.3888888888888889, ""2022-06"": 0.2631578947368421, ""2022-07"": 0.38636363636363635, ""2022-08"": 0.4318181818181818, ""2022-09"": 0.25806451612903225, ""2022-10"": 0.4666666666666667, ""2022-11"": 0.0, ""2022-12"": null, ""2023-01"": null, ""2023-02"": 0.2903225806451613, ""2023-03"": 0.391304347826087, ""2023-04"": 0.35294117647058826, ""2023-05"": 0.35135135135135137, ""2023-06"": 0.5517241379310345, ""2023-07"": 0.35555555555555557, ""2023-08"": 0.4444444444444444, ""2023-09"": 0.37142857142857144, ""2023-10"": 0.5, ""2023-11"": 0.6666666666666666, ""2023-12"": 1.0, ""2024-01"": null, ""2024-02"": 0.2647058823529412, ""2024-03"": 0.375, ""2024-04"": 0.5517241379310345, ""2024-05"": 0.37142857142857144, ""2024-06"": 0.3333333333333333, ""2024-07"": 0.3076923076923077, ""2024-08"": 0.4444444444444444, ""2024-09"": 0.2571428571428571, ""2024-10"": 0.4411764705882353, ""2024-11"": 0.5555555555555556, ""2024-12"": 1.0, ""2025-01"": null, ""2025-02"": 0.43333333333333335, ""2025-03"": 0.29411764705882354, ""2025-04"": 0.2903225806451613, ""2025-05"": 0.23333333333333334, ""2025-06"": 0.6388888888888888, ""2025-07"": 0.18518518518518517, ""2025-08"": 0.2894736842105263, ""2025-09"": 0.32432432432432434, ""2025-10"": 0.5714285714285714, ""2025-11"": 0.0}","[""Away Next Goal"", ""Primo gol Ospite"", ""X2""]",2040,786,0.38529411764705884,0.3644095948828449,0.4066098422398754,8.355401333074824e-05,0.3451182392882229,0.9358974358974359,0.9548386569566982,True,0.47763989697963005,0.38529411764705884,1.1164119243355417,0.04017587835883596,1.0653578882392547,704.0412081479747,1.189378250115235,0.3857843137254902,0.36860294117647063,0.4024509803921569,0.508,71.2,"Su **2040** partite che soddisfano `odd_fav > 2.15`, **Ospite segna per prima** si verifica nel **38.5%** dei casi (baseline campionato: 34.5%). **Lift 1.12**: la probabilità è 1.1× la media del campionato. Il risultato è **statisticamente significativo** (p=0.0001). Out-of-sample: probabilità **36.2%** su 569 partite. Stabilità mensile elevata: il pattern regge nel tempo."
20,4e7e745b4797,Ospite segna per prima | odd_1 > 2.2,evt_away_first_goal,Ospite segna per prima,Squadra Ospite,odd_1 > 2.2,"[{'feature': 'odd_1', 'op': 'gt', 'lo': None, 'hi': None, 'val': 2.2, 'eq_val': None}]",['grid_split'],2017-11-25,2025-11-30,1385,0.40216606498194946,531,0.35969868173258,0.40706936518060477,True,"{""2017-11"": 0.0, ""2017-12"": 0.2, ""2018-01"": null, ""2018-02"": 0.43478260869565216, ""2018-03"": 0.23076923076923078, ""2018-04"": 0.34782608695652173, ""2018-05"": 0.6, ""2018-06"": null, ""2018-07"": null, ""2018-08"": 0.5, ""2018-09"": 0.6363636363636364, ""2018-10"": 0.4375, ""2018-11"": 0.35, ""2018-12"": 0.25, ""2019-01"": null, ""2019-02"": 0.5714285714285714, ""2019-03"": 0.32, ""2019-04"": 0.42857142857142855, ""2019-05"": 0.8571428571428571, ""2019-06"": null, ""2019-07"": null, ""2019-08"": 0.5333333333333333, ""2019-09"": 0.3793103448275862, ""2019-10"": 0.2692307692307692, ""2019-11"": 0.37037037037037035, ""2019-12"": 0.375, ""2020-01"": null, ""2020-02"": 0.4, ""2020-03"": 0.38095238095238093, ""2020-04"": null, ""2020-05"": null, ""2020-06"": null, ""2020-07"": null, ""2020-08"": null, ""2020-09"": null, ""2020-10"": null, ""2020-11"": 0.0, ""2020-12"": 0.5588235294117647, ""2021-01"": 0.4782608695652174, ""2021-02"": 1.0, ""2021-03"": 0.5333333333333333, ""2021-04"": 0.38235294117647056, ""2021-05"": 0.4, ""2021-06"": 0.28125, ""2021-07"": 0.4722222222222222, ""2021-08"": 0.4117647058823529, ""2021-09"": 0.3333333333333333, ""2021-10"": 0.3902439024390244, ""2021-11"": 0.5714285714285714, ""2021-12"": 0.0, ""2022-01"": null, ""2022-02"": 0.5161290322580645, ""2022-03"": 0.2857142857142857, ""2022-04"": 0.5, ""2022-05"": 0.4166666666666667, ""2022-06"": 0.2631578947368421, ""2022-07"": 0.35555555555555557, ""2022-08"": 0.4318181818181818, ""2022-09"": 0.2727272727272727, ""2022-10"": 0.5, ""2022-11"": 0.0, ""2022-12"": null, ""2023-01"": null, ""2023-02"": 0.3103448275862069, ""2023-03"": 0.34210526315789475, ""2023-04"": 0.38461538461538464, ""2023-05"": 0.3870967741935484, ""2023-06"": 0.6296296296296297, ""2023-07"": 0.35, ""2023-08"": 0.44, ""2023-09"": 0.40625, ""2023-10"": 0.5714285714285714, ""2023-11"": 0.6666666666666666, ""2023-12"": 1.0, ""2024-01"": null, ""2024-02"": 0.25806451612903225, ""2024-03"": 0.3333333333333333, ""2024-04"": 0.5185185185185185, ""2024-05"": 0.3939393939393939, ""2024-06"": 0.3793103448275862, ""2024-07"": 0.1935483870967742, ""2024-08"": 0.4411764705882353, ""2024-09"": 0.3235294117647059, ""2024-10"": 0.41935483870967744, ""2024-11"": 0.5555555555555556, ""2024-12"": 1.0, ""2025-01"": null, ""2025-02"": 0.4074074074074074, ""2025-03"": 0.28888888888888886, ""2025-04"": 0.3333333333333333, ""2025-05"": 0.21428571428571427, ""2025-06"": 0.6470588235294118, ""2025-07"": 0.22580645161290322, ""2025-08"": 0.30303030303030304, ""2025-09"": 0.3333333333333333, ""2025-10"": 0.5, ""2025-11"": 0.0}","[""Away Next Goal"", ""Primo gol Ospite"", ""X2""]",1916,748,0.3903966597077244,0.3687925955753564,0.41243935606065363,1.9909196351286005e-05,0.3451182392882229,0.9358974358974359,0.955609331613356,True,0.4486068836338094,0.3903966597077244,1.1311968342006045,0.04527842041950153,1.074275217058018,661.246546476235,1.2152167245961971,0.39091858037578286,0.3721033402922756,0.41184759916492686,0.502,71.1,"Su **1916** partite che soddisfano `odd_1 > 2.2`, **Ospite segna per prima** si verifica nel **39.0%** dei casi (baseline campionato: 34.5%). **Lift 1.13**: la probabilità è 1.1× la media del campionato. Il risultato è **statisticamente significativo** (p=0.0000). Out-of-sample: probabilità **36.0%** su 531 partite. Stabilità mensile elevata: il pattern regge nel tempo."
21,2625451f139d,"Nessun gol 2T | odd_over15 in [1.53, 4.62] AND odd_dog in [2.63, 3.2]",evt_no_goal_2h,Nessun gol 2T,Secondo Tempo,"odd_over15 in [1.53, 4.62] AND odd_dog in [2.63, 3.2]","[{'feature': 'odd_over15', 'op': 'between', 'lo': 1.53, 'hi': 4.62, 'val': None, 'eq_val': None}, {'feature': 'odd_dog', 'op': 'between', 'lo': 2.63, 'hi': 3.2, 'val': None, 'eq_val': None}]",['grid_2'],2017-11-25,2025-11-30,517,0.3539651837524178,280,0.4035714285714286,0.0007861593605234647,True,"{""2017-11"": null, ""2017-12"": 1.0, ""2018-01"": null, ""2018-02"": 0.2857142857142857, ""2018-03"": 0.2, ""2018-04"": 0.4, ""2018-05"": 1.0, ""2018-06"": null, ""2018-07"": null, ""2018-08"": 0.6666666666666666, ""2018-09"": 0.0, ""2018-10"": 0.42857142857142855, ""2018-11"": 0.2222222222222222, ""2018-12"": 0.0, ""2019-01"": null, ""2019-02"": 0.25, ""2019-03"": 0.35714285714285715, ""2019-04"": 0.4, ""2019-05"": 0.5, ""2019-06"": null, ""2019-07"": null, ""2019-08"": 0.2, ""2019-09"": 0.21428571428571427, ""2019-10"": 0.5333333333333333, ""2019-11"": 0.3333333333333333, ""2019-12"": 0.16666666666666666, ""2020-01"": null, ""2020-02"": 0.3333333333333333, ""2020-03"": 0.3333333333333333, ""2020-04"": null, ""2020-05"": null, ""2020-06"": null, ""2020-07"": null, ""2020-08"": null, ""2020-09"": null, ""2020-10"": null, ""2020-11"": 0.5, ""2020-12"": 0.36363636363636365, ""2021-01"": 0.5, ""2021-02"": null, ""2021-03"": 0.3888888888888889, ""2021-04"": 0.4666666666666667, ""2021-05"": 0.45454545454545453, ""2021-06"": 0.35714285714285715, ""2021-07"": 0.3125, ""2021-08"": 0.45454545454545453, ""2021-09"": 0.3125, ""2021-10"": 0.3333333333333333, ""2021-11"": 0.6666666666666666, ""2021-12"": 0.0, ""2022-01"": null, ""2022-02"": 0.4444444444444444, ""2022-03"": 0.35714285714285715, ""2022-04"": 0.14285714285714285, ""2022-05"": 0.5, ""2022-06"": 0.4, ""2022-07"": 0.4666666666666667, ""2022-08"": 0.10526315789473684, ""2022-09"": 0.45454545454545453, ""2022-10"": 0.5, ""2022-11"": 1.0, ""2022-12"": null, ""2023-01"": null, ""2023-02"": 0.35714285714285715, ""2023-03"": 0.5625, ""2023-04"": 0.125, ""2023-05"": 0.25, ""2023-06"": 0.2, ""2023-07"": 0.375, ""2023-08"": 0.4444444444444444, ""2023-09"": 0.3, ""2023-10"": 0.0, ""2023-11"": null, ""2023-12"": null, ""2024-01"": null, ""2024-02"": 0.4375, ""2024-03"": 0.2857142857142857, ""2024-04"": 0.3333333333333333, ""2024-05"": 0.38461538461538464, ""2024-06"": 0.5294117647058824, ""2024-07"": 0.5, ""2024-08"": 0.36, ""2024-09"": 0.6111111111111112, ""2024-10"": 0.47368421052631576, ""2024-11"": 0.0, ""2024-12"": null, ""2025-01"": null, ""2025-02"": 0.2222222222222222, ""2025-03"": 0.2857142857142857, ""2025-04"": 0.375, ""2025-05"": 0.38461538461538464, ""2025-06"": 0.36363636363636365, ""2025-07"": 0.16666666666666666, ""2025-08"": 0.47619047619047616, ""2025-09"": 0.5, ""2025-10"": 0.25, ""2025-11"": 1.0}","[""Under 0.5 2T"", ""Lay Over 0.5 2T"", ""0-0 2T"", ""Lay Over / Lay BTTS""]",797,296,0.3713927227101631,0.3385390887952865,0.4054802029098397,0.003275599920479831,0.32521657691407163,0.9315068493150684,0.962075831785082,True,0.18660735190821823,0.3713927227101631,1.1419858305940294,0.04617614579609147,1.0734578606776146,259.19761180051506,1.2258736666336154,0.3713927227101631,0.3437892095357591,0.3990589711417816,0.48,70.8,"Su **797** partite che soddisfano `odd_over15 in [1.53, 4.62] AND odd_dog in [2.63, 3.2]`, **Nessun gol 2T** si verifica nel **37.1%** dei casi (baseline campionato: 32.5%). **Lift 1.14**: la probabilità è 1.1× la media del campionato. Il risultato è **statisticamente significativo** (p=0.0033). Out-of-sample: probabilità **40.4%** su 280 partite. Stabilità mensile elevata: il pattern regge nel tempo."
22,577bf7416ea8,"Primo gol entro 10' | odd_1 in [2.02, 2.37] AND odd_dog in [2.63, 3.2]",evt_fg_before_10,Primo gol entro 10',Timing,"odd_1 in [2.02, 2.37] AND odd_dog in [2.63, 3.2]","[{'feature': 'odd_1', 'op': 'between', 'lo': 2.02, 'hi': 2.37, 'val': None, 'eq_val': None}, {'feature': 'odd_dog', 'op': 'between', 'lo': 2.63, 'hi': 3.2, 'val': None, 'eq_val': None}]",['grid_2'],2017-11-25,2025-11-30,253,0.25296442687747034,58,0.20689655172413793,0.43863090477258604,True,"{""2017-11"": 0.0, ""2017-12"": 0.0, ""2018-01"": null, ""2018-02"": 0.0, ""2018-03"": 0.0, ""2018-04"": 0.0, ""2018-05"": 0.0, ""2018-06"": null, ""2018-07"": null, ""2018-08"": 0.0, ""2018-09"": null, ""2018-10"": 0.375, ""2018-11"": 0.3333333333333333, ""2018-12"": 0.0, ""2019-01"": null, ""2019-02"": null, ""2019-03"": 0.0, ""2019-04"": 0.0, ""2019-05"": null, ""2019-06"": null, ""2019-07"": null, ""2019-08"": 0.25, ""2019-09"": 0.2, ""2019-10"": 0.25, ""2019-11"": 0.375, ""2019-12"": 0.0, ""2020-01"": null, ""2020-02"": 0.0, ""2020-03"": null, ""2020-04"": null, ""2020-05"": null, ""2020-06"": null, ""2020-07"": null, ""2020-08"": null, ""2020-09"": null, ""2020-10"": null, ""2020-11"": 1.0, ""2020-12"": 0.4, ""2021-01"": 0.5, ""2021-02"": null, ""2021-03"": 0.0, ""2021-04"": 0.2857142857142857, ""2021-05"": 0.0, ""2021-06"": 0.0, ""2021-07"": 0.2857142857142857, ""2021-08"": 0.2857142857142857, ""2021-09"": 0.6, ""2021-10"": 0.16666666666666666, ""2021-11"": 0.3333333333333333, ""2021-12"": 0.0, ""2022-01"": null, ""2022-02"": 0.5, ""2022-03"": 0.0, ""2022-04"": 0.16666666666666666, ""2022-05"": 0.25, ""2022-06"": 0.2222222222222222, ""2022-07"": 0.2, ""2022-08"": 0.0, ""2022-09"": 0.25, ""2022-10"": 0.5, ""2022-11"": null, ""2022-12"": null, ""2023-01"": null, ""2023-02"": 0.25, ""2023-03"": 0.2727272727272727, ""2023-04"": 0.25, ""2023-05"": 0.3333333333333333, ""2023-06"": 0.25, ""2023-07"": 0.45454545454545453, ""2023-08"": 0.16666666666666666, ""2023-09"": 0.3333333333333333, ""2023-10"": 0.0, ""2023-11"": 0.0, ""2023-12"": null, ""2024-01"": null, ""2024-02"": 0.6666666666666666, ""2024-03"": 0.2857142857142857, ""2024-04"": 0.42857142857142855, ""2024-05"": 0.5, ""2024-06"": 0.0, ""2024-07"": 0.16666666666666666, ""2024-08"": 0.0, ""2024-09"": 0.0, ""2024-10"": 0.0, ""2024-11"": null, ""2024-12"": null, ""2025-01"": null, ""2025-02"": 0.0, ""2025-03"": 0.0, ""2025-04"": 0.3333333333333333, ""2025-05"": 0.5, ""2025-06"": 0.0, ""2025-07"": null, ""2025-08"": 0.3333333333333333, ""2025-09"": 0.0, ""2025-10"": null, ""2025-11"": null}","[""Primo gol entro 10'"", ""Fast Start"", ""Over 0.5 entro 10'""]",311,76,0.24437299035369775,0.199922860299979,0.2950612841078756,0.004066311140156671,0.18286115663778973,0.5757575757575758,0.8980068365083945,True,0.07281667056895341,0.24437299035369775,1.3363854568510156,0.061511833715908015,1.0814050224921166,56.86981971435261,1.44517394502411,0.24437299035369775,0.21221864951768488,0.28938906752411575,0.48,68.8,"Su **311** partite che soddisfano `odd_1 in [2.02, 2.37] AND odd_dog in [2.63, 3.2]`, **Primo gol entro 10'** si verifica nel **24.4%** dei casi (baseline campionato: 18.3%). **Lift 1.34**: la probabilità è 1.3× la media del campionato. Il risultato è **statisticamente significativo** (p=0.0041). Out-of-sample: probabilità **20.7%** su 58 partite."
23,4d2544aa6d74,"Nessun gol 2T | pre_2h_goal_pct in [0, 60] AND xg_home_pre in [0, 1.19] AND ",evt_no_goal_2h,Nessun gol 2T,Secondo Tempo,"pre_2h_goal_pct in [0, 60] AND xg_home_pre in [0, 1.19] AND odd_x in [2.4, 2.85]","[{'feature': 'pre_2h_goal_pct', 'op': 'between', 'lo': 0.0, 'hi': 60.0, 'val': None, 'eq_val': None}, {'feature': 'xg_home_pre', 'op': 'between', 'lo': 0.0, 'hi': 1.19, 'val': None, 'eq_val': None}, {'feature': 'odd_x', 'op': 'between', 'lo': 2.4, 'hi': 2.85, 'val': None, 'eq_val': None}]",['grid_3'],2017-11-25,2025-11-30,262,0.37786259541984735,69,0.463768115942029,0.005986302565348241,True,"{""2017-11"": 0.0, ""2017-12"": 0.6, ""2018-01"": null, ""2018-02"": 0.2222222222222222, ""2018-03"": 0.3333333333333333, ""2018-04"": 0.2, ""2018-05"": null, ""2018-06"": null, ""2018-07"": null, ""2018-08"": 0.4666666666666667, ""2018-09"": 0.3333333333333333, ""2018-10"": 0.42857142857142855, ""2018-11"": 0.5, ""2018-12"": null, ""2019-01"": null, ""2019-02"": 1.0, ""2019-03"": 0.0, ""2019-04"": null, ""2019-05"": null, ""2019-06"": null, ""2019-07"": null, ""2019-08"": 0.0, ""2019-09"": 0.5, ""2019-10"": 0.0, ""2019-11"": 1.0, ""2019-12"": null, ""2020-01"": null, ""2020-02"": 0.0, ""2020-03"": 0.0, ""2020-04"": null, ""2020-05"": null, ""2020-06"": null, ""2020-07"": null, ""2020-08"": null, ""2020-09"": null, ""2020-10"": null, ""2020-11"": 0.5, ""2020-12"": 0.36363636363636365, ""2021-01"": 0.2, ""2021-02"": null, ""2021-03"": 0.3076923076923077, ""2021-04"": 0.6666666666666666, ""2021-05"": 0.0, ""2021-06"": 0.09090909090909091, ""2021-07"": 0.4, ""2021-08"": 0.5714285714285714, ""2021-09"": 0.14285714285714285, ""2021-10"": 0.625, ""2021-11"": null, ""2021-12"": null, ""2022-01"": null, ""2022-02"": 0.5454545454545454, ""2022-03"": 0.3333333333333333, ""2022-04"": 0.0, ""2022-05"": 0.5, ""2022-06"": 0.0, ""2022-07"": 0.5, ""2022-08"": 0.6666666666666666, ""2022-09"": null, ""2022-10"": null, ""2022-11"": null, ""2022-12"": null, ""2023-01"": null, ""2023-02"": 0.5333333333333333, ""2023-03"": 0.25, ""2023-04"": 0.2, ""2023-05"": 1.0, ""2023-06"": null, ""2023-07"": 0.25, ""2023-08"": 0.5, ""2023-09"": 0.25, ""2023-10"": 0.0, ""2023-11"": null, ""2023-12"": null, ""2024-01"": null, ""2024-02"": 0.3125, ""2024-03"": 0.4, ""2024-04"": 1.0, ""2024-05"": 1.0, ""2024-06"": 0.5, ""2024-07"": 0.3333333333333333, ""2024-08"": 1.0, ""2024-09"": 0.4, ""2024-10"": 0.5, ""2024-11"": 0.0, ""2024-12"": 1.0, ""2025-01"": null, ""2025-02"": 0.3793103448275862, ""2025-03"": 0.25, ""2025-04"": 0.5, ""2025-05"": 0.5, ""2025-06"": 0.0, ""2025-07"": 1.0, ""2025-08"": 1.0, ""2025-09"": null, ""2025-10"": null, ""2025-11"": null}","[""Under 0.5 2T"", ""Lay Over 0.5 2T"", ""0-0 2T"", ""Lay Over / Lay BTTS""]",331,131,0.3957703927492447,0.3445733398457134,0.44935907476465764,0.004086110294696422,0.32521657691407163,0.8032786885245902,0.7798811123541052,True,0.077499414656989,0.3957703927492447,1.2169440946234875,0.07055381583517306,1.1167665652072114,107.64668695855771,1.359042476601872,0.3957703927492447,0.35347432024169184,0.44108761329305135,0.464,67.0,"Su **331** partite che soddisfano `pre_2h_goal_pct in [0, 60] AND xg_home_pre in [0, 1.19] AND odd_x in [2.4, 2.85]`, **Nessun gol 2T** si verifica nel **39.6%** dei casi (baseline campionato: 32.5%). **Lift 1.22**: la probabilità è 1.2× la media del campionato. Il risultato è **statisticamente significativo** (p=0.0041). Out-of-sample: probabilità **46.4%** su 69 partite. Stabilità mensile elevata: il pattern regge nel tempo."
